,input,intent,result
0,추가상품이 있는데 함께 배송될까요?,com_how_ord,cs_how_inst
1,주문더하기는 어떻게 합니까,com_how_ord,com_how_ord
2,주문내역 소포장배송요청,com_how_ord,cs_how_inst
3,선물포장 추가해줘,com_how_ord,com_how_ord
4,선물포장 요청을 못했는데 지금 요청 가능할까요,com_how_ord,com_how_ord
5,비회원은 어떻게 주문하나요,com_how_ord,com_how_ord
6,전화로 주문할 수 있나요,com_how_ord,com_how_ord
7,배송전 추가주문하고싶습니다,com_how_ord,com_how_ord
8,선물포장 가능한지 확인해줘,com_how_ord,com_how_ord
9,선물을 보냈는데 알람 메세지를 받지 못했다고 해요,com_how_ord,com_how_ord
10,회원 아니면 주문이 안되나요,com_how_ord,com_how_ord
11,최근 주문에 선물포장 해줄래,com_how_ord,com_how_ord
12,주문방법 알려주세요,com_how_ord,com_how_ord
13,주문제품 선물포장 가능한가요,com_how_ord,com_how_ord
14,대량구매 문의,com_how_ord,com_how_ord
15,대량구매 시 비용 안내,com_how_ord,cs_qry_ord
16,선물용으로 구입하는 거니까 예쁘게 포장해서 쇼핑백과 함께 보내주세요,com_how_ord,com_how_ord
17,주문방법을 몰라요,com_how_ord,com_how_ord
18,"선물용이라 상자, 증정품 꼭 부탁드립니다",com_how_ord,com_how_ord
19,선물 문자 확인이 안됐다고 해요,com_how_ord,com_how_ord
20,혹시 선물상자만 따로 주문가능한가요,com_how_ord,com_how_ord
21,선물 sms 못 받았다던데요,com_how_ord,com_how_ord
22,롯데마트 추가주문,com_how_ord,cs_qry_ord
23,배달하는 물품에 추가 할 수 있나요,com_how_ord,cs_how_inst
24,마트 추가주문,com_how_ord,cs_how_smp
25,배송 더하기 신청,com_how_ord,faq_dsat_exch
26,추가 합배송 원합니다,com_how_ord,cs_qry_dlv
27,추가주문이 안되네요,com_how_ord,faq_dsat_gen
28,추가주문 하려는데 왜 안되나요,com_how_ord,com_how_ord
29,가입 안하고 주문할 수 있는 방법이 있나요,com_how_ord,com_how_ord
30,가입 안하면 상품 못 사요,com_how_ord,faq_dsat_dlv_nrcv
31,선물 포장과 봉투백 동봉 되나요,com_how_ord,com_how_ord
32,전화 주문 가능한가요,com_how_ord,com_how_ord
33,전화로 주문하고 싶어,com_how_ord,com_how_ord
34,구매하고 싶은데 어떻게 하면 되나요,com_how_ord,cs_regchg_gen
35,이미 결제했는데 다른 상품을 추가하고 싶어요,com_how_ord,com_how_ord
36,지금 다른 물건들 추가할 수 있나요,com_how_ord,com_how_ord
37,장보기 상품추가,com_how_ord,cs_qry_ord
38,선물 어떻게 재전송해,com_how_ord,faq_how_dlv
39,선물 재전송 어떻게 하나요,com_how_ord,faq_how_dlv
40,내일 주문건이 있어서 추가 주문하려고 하는데요,com_how_ord,com_how_ord
41,선물수락은 어디서 어떻게 하는걸까요,com_how_ord,faq_how_dlv
42,제가 저한테 선물했는데 선물 수락은 어디에서 하나요,com_how_ord,com_how_ord
43,해당 제품 쇼핑백 제공 말고도 선물포장이 되는지 궁금합니다,com_how_ord,cs_how_inst
44,상품 포장해주세요~ 안되면 상품봉투 부탁드립니다.,com_how_ord,com_how_ord
45,선물하기 수락기한,com_how_ord,com_how_ord
46,롯데마트몰 배송주문했는데 추가로 배송원해요 어떻개 해야할까요,com_how_ord,cs_how_inst
47,주문 어떻게 하는지 알려주세요,com_how_ord,com_how_ord
48,이 상품 구매하고 싶은데 어떻게 하는지 모르겠어요,com_how_ord,com_how_ord
49,상품 구매할 수 있게 도와주세요,com_how_ord,cs_how_inst
50,제 카드가 취소된 게 맞나요,cs_cncl,cs_cncl
51,제 카드 취소 된 건지 확인해주세요,cs_cncl,cs_cncl
52,정상적으로 카드 취소된 게 맞나요,cs_cncl,cs_cncl
53,교환신청해뒀는데 그냥 쓸게요,cs_cncl,cs_sgt_exchrtgs
54,반품신청했었는데 그냥 쓸게요,cs_cncl,cs_sgt_exchrtgs
55,카드결제 취소한게 아직도 입금이 안됐어요,cs_cncl,cs_cncl
56,카드 취소가 되었는지 확인부탁드립니다,cs_cncl,cs_cncl
57,카드취소문자 못 받았는데 취소가 아직인가요,cs_cncl,cs_cncl
58,카드취소 입금 언제되나요,cs_cncl,cs_cncl
59,카드취소가 아직이네요,cs_cncl,cs_cncl
60,카드취소 언제되나요,cs_cncl,cs_cncl
61,신용카드 환불처리가 아직 안되었네요,cs_cncl,cs_cncl
62,반품 취소,cs_cncl,faq_dsat_dlv_nrcv
63,교환취소 돼,cs_cncl,cs_cncl
64,카드사에서 취소 안됐대,cs_cncl,cs_cncl
65,누구맘대로 취소한거야,cs_cncl,cs_cncl
66,품절인데 취소하려고 하니까 배송비가 나온다고 떠요,cs_cncl,shipping_fee_twice
67,품절로 취소하는데 배송비를 내는게 말이 됩니까,cs_cncl,cs_sgt_rfd_repay
68,품절인데 배송비를 내라는게 말이 돼,cs_cncl,faq_dsat_dlv_nrcv
69,정기배송 해지할건데,cs_cncl,cs_sgt_exchrtgs
70,품절로 취소하는데 왜 배송비가 나와,cs_cncl,cs_sgt_exchrtgs
71,품절로 취소하는데 배송비가 왜 발생합니까,cs_cncl,shipping_fee_twice
72,품절로 취소하는데 배송비가 나오는 이유가 뭡니까,cs_cncl,cs_sgt_exchrtgs
73,상품취소하고싶어요,cs_cncl,cs_qry_ord
74,사용 전인데 e쿠폰 취소 가능한가요,cs_cncl,cs_how_rfd
75,백화점 방문 안하고 상품 안 받고 싶습니다,cs_cncl,cs_regchg_smp
76,백화점 매장에서 수령하기로 한 상품 하는 방법,cs_cncl,cs_how_smp
77,취소하려니까 배송비가 나오네요,cs_cncl,shipping_fee_twice
78,주문 취소처리 완료되었는데 왜 배송비 청구되나요,cs_cncl,cs_how_rfd
79,스마트픽 취소 될까요,cs_cncl,cs_regchg_smp
80,오늘 산 거 주문취소 해줘,cs_cncl,cs_qry_dlv
81,e쿠폰 취소 하는 방법,cs_cncl,cs_sgt_rfd_repay
82,취소했는데 확인해줘,cs_cncl,cs_sgt_rfd_repay
83,취소현황 알려줘,cs_cncl,cs_sgt_exchrtgs
84,취소한 거 보여줘,cs_cncl,cs_qry_ord
85,취소상태 어디서 보죠,cs_cncl,cs_qry_ord
86,주문 취소 신청 철회 부탁해요,cs_cncl,cs_qry_ord
87,주문 취소 신청 철회해주세요,cs_cncl,cs_qry_ord
88,취소 철회,cs_cncl,cs_qry_ord
89,주문취소한거 그냥 받고싶어요,cs_cncl,cs_how_inst
90,주문 취소했는데 취소안하려구요,cs_cncl,cs_qry_ord
91,주문 취소 철회,cs_cncl,cs_qry_ord
92,피팅 예약 취소해,cs_cncl,cs_cncl
93,피팅 예약 취소해주세요,cs_cncl,cs_qry_ord
94,교환 취소가 왜 안됨,cs_cncl,cs_how_rfd
95,반품신청 했는데 그냥 사용할게요,cs_cncl,cs_sgt_exchrtgs
96,반품 취소 왜 안돼요,cs_cncl,cs_how_rfd
97,주문한거 안 살래,cs_cncl,faq_dsat_gen
98,구매 안 할래,cs_cncl,cs_qry_ord_de
99,매달 받는 정기배송 해지 부탁드립니다,cs_cncl,cs_qry_dlv
100,언제쯤 회수하러 올 예정인지 알려주세요,cs_how_exch_rtgs_etc,cs_how_exch_rtgs_etc
101,회수 지연,cs_how_exch_rtgs_etc,cs_how_exch_rtgs_etc
102,수거요청한지 오래되었는데 언제 수거해가나요,cs_how_exch_rtgs_etc,cs_how_exch_rtgs_etc
103,언제 수거하시나요,cs_how_exch_rtgs_etc,cs_how_exch_rtgs_etc
104,수거언제해가나요,cs_how_exch_rtgs_etc,cs_how_exch_rtgs_etc
105,수거 신청했는데 기다리면 되나요,cs_how_exch_rtgs_etc,cs_regchg_gen
106,교환 수거 기다리면 되나요,cs_how_exch_rtgs_etc,cs_sgt_exchrtgs
107,회수 진행 언제 되나요,cs_how_exch_rtgs_etc,cs_how_exch_rtgs_etc
108,언제 회수하시는거죠,cs_how_exch_rtgs_etc,cs_how_exch_rtgs_etc
109,택배사에서 상품을 안가져가고 있어요,cs_how_exch_rtgs_etc,cs_how_exch_rtgs_etc
110,회수 기사님 아직 안오셨는데요,cs_how_exch_rtgs_etc,cs_how_exch_rtgs_etc
111,반품 수거 언제돼요,cs_how_exch_rtgs_etc,cs_how_exch_rtgs_etc
112,반품한 상품 언제 수거하나요,cs_how_exch_rtgs_etc,cs_how_rfd
113,수거 언제 되는거에요,cs_how_exch_rtgs_etc,cs_how_exch_rtgs_etc
114,교환 상품 수거 언제 해요,cs_how_exch_rtgs_etc,cs_how_exch_rtgs_etc
115,교환신청한 거 수거 일정 좀 알려주세요,cs_how_exch_rtgs_etc,cs_how_exch_rtgs_etc
116,반품신청한 거 회수 언제해요,cs_how_exch_rtgs_etc,cs_how_exch_rtgs_etc
117,제가 택배 접수 해야되나요,cs_how_exch_rtgs_etc,faq_how_dlv_chg
118,반품 신청하고 택배 접수 제가 하나요,cs_how_exch_rtgs_etc,cs_sgt_exchrtgs
119,교환 반품 상품 직접 택배 접수 해야되나요,cs_how_exch_rtgs_etc,cs_sgt_exchrtgs
120,교환 신청한 거 따로 택배 부쳐야 하나요,cs_how_exch_rtgs_etc,faq_how_dlv_chg
121,교환 신청한 거 따로 택배 부쳐야 하나요,cs_how_exch_rtgs_etc,faq_how_dlv_chg
122,롯데마트 반품건 있는데 아직 회수전입니다 빠른 회수바랍니다,cs_how_exch_rtgs_etc,cs_how_exch_rtgs_etc
123,반품회수 연락없었는데 반품회수완료가 떴습니다,cs_how_exch_rtgs_etc,faq_dsat_dlv_nrcv
124,상품에 얼룩인지 곰팡인지 문제가 있어 반품신청했는데 몇일이 지나도 수거해가지않아요,cs_how_exch_rtgs_etc,faq_dsat_exch
125,반품 회수를 왜 안오시는지요,cs_how_exch_rtgs_etc,cs_how_rfd
126,아직도 회수가 안됨,cs_how_exch_rtgs_etc,cs_how_exch_rtgs_etc
127,계속 회수가 안되고 있어 연락드립니다,cs_how_exch_rtgs_etc,cs_how_exch_rtgs_etc
128,반품접수 신청했는데 상품 회수하러 오지않고 있습니다,cs_how_exch_rtgs_etc,cs_how_exch_rtgs_etc
129,상품 회수는 언제 하시나요,cs_how_exch_rtgs_etc,cs_how_exch_rtgs_etc
130,물품 반품 접수를 했는데 택배기사가 회수를 안해갑니다.,cs_how_exch_rtgs_etc,cs_how_exch_rtgs_etc
131,반품신청을 했는데 수거가 안되고 있어요,cs_how_exch_rtgs_etc,cs_how_exch_rtgs_etc
132,2~3일이 지났는데도 수거하러 오겠다는 연락이 없어요,cs_how_exch_rtgs_etc,cs_how_exch_rtgs_etc
133,회수진행으로만 뜨고 회수가 진행이 안되어서 문의합니다,cs_how_exch_rtgs_etc,cs_how_exch_rtgs_etc
134,빨리 회수해가시고 제품 주세요,cs_how_exch_rtgs_etc,cs_how_exch_rtgs_etc
135,회수는 언제하러 오나요,cs_how_exch_rtgs_etc,cs_how_exch_rtgs_etc
136,반품신청했는데 아직도 상품을 회수 안 했습니다,cs_how_exch_rtgs_etc,cs_how_exch_rtgs_etc
137,반품 신청했는데 수거 왜 안하죠,cs_how_exch_rtgs_etc,cs_how_exch_rtgs_etc
138,현관 앞에 몇일째 회수 안되고 있어요,cs_how_exch_rtgs_etc,cs_how_exch_rtgs_etc
139,반품회수가 안되고 있어요,cs_how_exch_rtgs_etc,cs_how_exch_rtgs_etc
140,빠른 시일내 회수바랍니다,cs_how_exch_rtgs_etc,cs_how_exch_rtgs_etc
141,도대체 언제 반품회수 해가나요,cs_how_exch_rtgs_etc,cs_how_exch_rtgs_etc
142,반품회수를 안해가셔서요,cs_how_exch_rtgs_etc,cs_how_exch_rtgs_etc
143,기다리는데 아직 수거안했어요,cs_how_exch_rtgs_etc,cs_how_exch_rtgs_etc
144,반품회수가 아직도 안되고 있는데 무슨 문제가 있나요,cs_how_exch_rtgs_etc,cs_sgt_exchrtgs
145,빨리 물건 회수해가세요,cs_how_exch_rtgs_etc,cs_how_exch_rtgs_etc
146,교환할 상품의 회수를 안하고 있어요,cs_how_exch_rtgs_etc,cs_how_exch_rtgs_etc
147,반품 물건 언제 픽업오시나요,cs_how_exch_rtgs_etc,cs_how_exch_rtgs_etc
148,다시 회수접수 요청합니다,cs_how_exch_rtgs_etc,cs_how_exch_rtgs_etc
149,빨리 회수해가시기 바랍니다,cs_how_exch_rtgs_etc,cs_how_exch_rtgs_etc
150,주문 두 번 했는데 묶음 배송원합니다,cs_how_inst,cs_how_inst
151,묶음 배송은 어떻게 해야하나요,cs_how_inst,cs_how_inst
152,물건을 같이 샀는데 따로 오나요,cs_how_inst,cs_how_inst
153,같은 브랜드 상품인데 묶음배송이 안되네요,cs_how_inst,faq_dsat_dlv_nrcv
154,주문상품 묶음으로 한번에 받으려면 어찌해야 하나요,cs_how_inst,cs_how_inst
155,상품추가 묶음배송 안되나요,cs_how_inst,com_how_ord
156,배송비 없이 묶음배송 하고 싶습니다,cs_how_inst,cs_how_inst
157,주문한 상품들을 묶어서 받고 싶어요,cs_how_inst,cs_how_inst
158,합배송으로 받고 싶은데 어떻게 신청하나요,cs_how_inst,cs_how_inst
159,묶음 배송을 요청하고 싶어요,cs_how_inst,cs_how_inst
160,여러 상품을 한 번에 받을 수 있는 방법이 있을까요,cs_how_inst,cs_how_inst
161,상품들을 합쳐서 배송 가능한지 확인하고 싶어요,cs_how_inst,cs_how_inst
162,묶음 배송을 신청하려면 어떻게 해야 하나요,cs_how_inst,cs_how_inst
163,주문한 물건들을 묶음 배송으로 받을 수 있는지 알려주세요,cs_how_inst,cs_how_inst
164,합배송을 신청하고 싶은데 절차가 어떻게 되나요,cs_how_inst,cs_how_reorder
165,묶음으로 상품을 받을 수 있는지 여쭤보려고 해요,cs_how_inst,cs_how_inst
166,여러 상품을 함께 받을 수 있는 방법을 알고 싶어요,cs_how_inst,cs_how_inst
167,묶음 배송을 요청하려면 어떻게 해야 할까요,cs_how_inst,cs_how_inst
168,주문한 상품들을 함께 받을 수 있는 방법이 있는지 알려주세요,cs_how_inst,cs_how_inst
169,합배송으로 받고 싶은데 어떻게 신청하면 되나요,cs_how_inst,cs_how_inst
170,묶음 배송이 가능한지 확인하고 싶은데요,cs_how_inst,cs_how_inst
171,여러 상품을 한 번에 받을 수 있는지 궁금해요,cs_how_inst,cs_how_inst
172,묶음 배송을 신청하고 싶어서요,cs_how_inst,cs_how_inst
173,주문한 상품들을 합배송으로 받을 수 있는지 알고 싶어요,cs_how_inst,cs_how_inst
174,묶음으로 상품을 받을 수 있는 방법을 알려주세요,cs_how_inst,cs_how_inst
175,합배송을 신청하는 방법을 알고 싶어요,cs_how_inst,cs_how_inst
176,묶음 배송이나 합배송이 가능한지 문의하려고 합니다,cs_how_inst,cs_how_inst
177,같은 판매자 상품을 주문했는데 합배송이 될지 알아보고 싶어요,cs_how_inst,cs_how_inst
178,같은 판매자 상품을 주문했는데 묶음배송 가능한가요,cs_how_inst,cs_how_inst
179,같은 판매자 상품을 주문했는데 묶음 배송이나 합배송이 가능할까요,cs_how_inst,cs_how_inst
180,주문한 같은 판매자 상품을 합배송으로 받을 수 있는지 알고 싶어요,cs_how_inst,cs_how_inst
181,주문 2번 했는데요 같이 묶어서 배송해주시는 거 맞나요,cs_how_inst,cs_how_inst
182,합포장문의,cs_how_inst,faq_dsat_dlv_nrcv
183,주문한 상품들을 합포장할 수 있는지 알고 싶어요,cs_how_inst,cs_how_inst
184,합포장 가능한지 문의드리고 싶어요,cs_how_inst,cs_how_inst
185,합포장이 가능한지 여쭤보려고 합니다,cs_how_inst,cs_how_inst
186,상품들을 합포장해서 받을 수 있는지 확인하고 싶어요,cs_how_inst,cs_how_inst
187,합포장을 요청하고 싶은데 어떻게 해야 하나요,cs_how_inst,cs_how_inst
188,주문한 상품들을 함께 합포장할 수 있는지 알려주세요,cs_how_inst,cs_how_inst
189,합포장이 가능한지 알아보려고 하는데요,cs_how_inst,cs_how_inst
190,상품들을 합포장해서 받을 수 있는 방법이 있을까요,cs_how_inst,cs_how_inst
191,합포장을 신청하는 절차가 있나요,cs_how_inst,cs_how_reorder
192,주문한 상품들을 합포장으로 받을 수 있는지 궁금합니다,cs_how_inst,cs_how_inst
193,합포장이 가능한지 확인하려고 합니다,cs_how_inst,cs_how_inst
194,상품들을 합포장해서 받을 수 있는지 여쭤봐야 할 것 같아요,cs_how_inst,cs_how_inst
195,합포장으로 주문한 상품들을 받을 수 있는지 문의드립니다,cs_how_inst,cs_how_inst
196,합포장을 신청하려면 어떻게 해야 할까요,cs_how_inst,cs_how_exch_rtgs_etc
197,합포장 되나요,cs_how_inst,cs_how_inst
198,합포장 가능한지 알려줘,cs_how_inst,cs_how_inst
199,주문 상품 합포장해서 배송해줄래,cs_how_inst,cs_how_inst
200,미인도 알림톡이 왔는데 그럼 재배송 신청을 해야된다는 건가요,cs_how_reorder,cs_how_reorder
201,미인도 알림톡이 갑자기 왜 왔죠,cs_how_reorder,cs_how_reorder
202,미인도 알림톡이란 걸 받았는데요,cs_how_reorder,cs_how_reorder
203,상품 주문했는데 미인도 됐어요 어떻게 하면 되나요,cs_how_reorder,cs_regchg_gen
204,상품 주문한게 미인도 되었다고 연락왔는데 뭐 어떻게 해야 되나요,cs_how_reorder,cs_cncl
205,주문한 상품이 미인도 됐다고 알림톡이 왔습니다,cs_how_reorder,cs_how_reorder
206,새로운 주소로 재배송 신청해야 되는데 어떻게 하면 돼요,cs_how_reorder,cs_how_reorder
207,마트에서 주문한 상품이 미인도 됐대요,cs_how_reorder,com_how_ord
208,얼마 전에 산 상품이 미인도 됐다는데요,cs_how_reorder,faq_dsat_exch
209,미인도 됐다는데 어떻게 하면돼요,cs_how_reorder,cs_how_reorder
210,미인도 된거 어떻게 해요,cs_how_reorder,cs_how_reorder
211,재배송 접수 안하면 어떻게 되는거죠,cs_how_reorder,cs_how_reorder
212,재배송 접수 안하면 환불되나요,cs_how_reorder,cs_how_rfd
213,미인도 알림톡 받았는데 그냥 취소할게요,cs_how_reorder,cs_how_reorder
214,미인도 알림톡 받았는데 그냥 냅두면 취소되나요,cs_how_reorder,cs_how_reorder
215,미인도 알림톡이 왔어요 자동 취소되나요,cs_how_reorder,cs_how_reorder
216,새로운 주소로 재배송 신청해야 되는건가요,cs_how_reorder,cs_how_reorder
217,재배송 접수하려면 어떻게 해야돼요,cs_how_reorder,cs_how_reorder
218,미인도 상품 다시 배송 받고 싶어요,cs_how_reorder,cs_how_inst
219,미인도 알림톡 받았는데 다시 배송 접수할게요,cs_how_reorder,cs_how_reorder
220,미인도 됐다는데 재배송 접수하면 되나요,cs_how_reorder,cs_how_reorder
221,미인도 된 거 다시 배송해주세요,cs_how_reorder,cs_how_reorder
222,미인도 된 거 주소 변경해서 다시 받고 싶어요,cs_how_reorder,cs_how_reorder
223,미인도 된 거 주소 변경할테니 다시 보내주세요,cs_how_reorder,cs_sgt_exchrtgs
224,미인도 된 거 신규 주소로 재배송 가능할까요,cs_how_reorder,cs_how_reorder
225,미인도 된 상품 새 주소 입력할테니 다시 보내줄 수 있나요,cs_how_reorder,cs_how_reorder
226,미인도 된 상품이 있다고 연락 받았는데 신규 주소로 다시 보내주실래요,cs_how_reorder,cs_how_reorder
227,미인도 된 상품이 있다는데요 새 주소로 다시 보내주실 수 있나요,cs_how_reorder,cs_how_inst
228,미인도 된 상품 신규 주소 입력할테니 다시 보내주세요,cs_how_reorder,cs_how_reorder
229,미인도 되면 어떻게 해야 되나요,cs_how_reorder,cs_how_reorder
230,미인도 상품 다시 배송 받고 싶으면 신규 주소 입력하면 되나요,cs_how_reorder,cs_how_reorder
231,알림톡이 왔는데 상품이 미인도 되었다고 합니다. 신규 주소 입력하면 그리로 보내주실 수 있나요,cs_how_reorder,cs_how_reorder
232,새로운 주소로 재배송 받고 싶은데 어떻게 하면 되나요,cs_how_reorder,cs_how_reorder
233,미인도 된 상품 새로운 주소로 재배송 받을게요,cs_how_reorder,cs_how_reorder
234,미인도 된 상품 재배송 신청하려는데 새주소 어디서 입력하면 되나요,cs_how_reorder,cs_how_reorder
235,상품이 미인도 됐대 새주소로 재배송 해줘,cs_how_reorder,cs_how_reorder
236,미인도 알림톡 받았고 새주소로 재배송 신청합니다,cs_how_reorder,cs_how_reorder
237,다른 주소로 재배송 신청할게요,cs_how_reorder,cs_sgt_exchrtgs
238,미인도 알림톡 받았는데 다른 주소로 재배송 신청할게요,cs_how_reorder,cs_how_reorder
239,마트 미인도 알림톡 받았어요 재배송 신청 가능한가요,cs_how_reorder,cs_how_reorder
240,미인도 알림톡 온 거 확인해주세요,cs_how_reorder,cs_how_reorder
241,미인도 알림톡 받았는데 다른 주소 입력하면 재배송가능한가요,cs_how_reorder,cs_how_reorder
242,미인도 됐다는게 무슨 소리인지,cs_how_reorder,cs_how_reorder
243,미인도 상품 재배송 받을 수 있는지 알려주세요,cs_how_reorder,cs_how_inst
244,미인도 된 거 다시 배송 어떻게 받아요,cs_how_reorder,cs_how_reorder
245,미인도 된 거 다시 배송 받으려면 어떻게 해야되나요,cs_how_reorder,cs_how_reorder
246,새주소로 다시 배송 받고 싶어요,cs_how_reorder,cs_how_reorder
247,주소 변경해서 재배송 신청할래요,cs_how_reorder,cs_regchg_gen
248,미인도 된거 주소 변경해서 재배송 접수하겠습니다,cs_how_reorder,cs_sgt_exchrtgs
249,미인도 된 거 재배송 접수 어떻게 해요,cs_how_reorder,cs_how_reorder
250,환불신청 어디서해,cs_how_rfd,cs_how_rfd
251,환불신청 어디서 할 수 있나요,cs_how_rfd,cs_how_rfd
252,주문취소 후 L.point,cs_how_rfd,cs_how_rfd
253,선물한거 환불하고싶어,cs_how_rfd,cs_how_rfd
254,선물한거 환불은 어떻게 하죠,cs_how_rfd,cs_how_rfd
255,선물한거 환불 어떻게 해,cs_how_rfd,cs_how_rfd
256,선물한 상품 환불 가능할까요,cs_how_rfd,cs_how_rfd
257,무통장환불,cs_how_rfd,cs_how_rfd
258,주문취소 되면 포인트도 원래대로 돌아와야 되는거잖아요,cs_how_rfd,cs_how_rfd
259,언제 결제취소 될까요,cs_how_rfd,cs_how_rfd
260,환불건,cs_how_rfd,cs_how_rfd
261,지금 오고있는데 그냥 환불해주세요,cs_how_rfd,cs_how_rfd
262,지금 오고있는거 환불해주세요,cs_how_rfd,cs_how_rfd
263,취소 했는데 입금은 언제되나요,cs_how_rfd,cs_how_rfd
264,품절취소 됐는데 돈이 안들어와요,cs_how_rfd,cs_qry_ord_de
265,상품 주문취소하는데 입금 언제 받을 수 있나요,cs_how_rfd,cs_how_rfd
266,취소를 했는데 돈이 안들어와요,cs_how_rfd,cs_how_rfd
267,취소를 했는데 입금이 언제되나요,cs_how_rfd,cs_how_rfd
268,주문취소했는데 결제취소가 아직 나지 않았어요,cs_how_rfd,cs_cncl
269,상품 취소했는데 아직 환불이 안되네요,cs_how_rfd,cs_how_exch_rtgs_etc
270,정확한 환불날짜 알고싶어요,cs_how_rfd,cs_how_exch_rtgs_etc
271,환불 진행,cs_how_rfd,cs_how_rfd
272,배송받은 상품 환불요청합니다,cs_how_rfd,faq_dsat_dlv_nrcv
273,배송받은거 환불해줘,cs_how_rfd,cs_how_rfd
274,보관금 계좌환불은 기간이 어느정도 걸리나요,cs_how_rfd,cs_how_rfd
275,보관금 내 계좌로 입금해주세요,cs_how_rfd,cs_regchg_gen
276,보관금 등록 계좌로 입금 해주세요,cs_how_rfd,cs_regchg_gen
277,보관금 등록계좌 입금,cs_how_rfd,cs_how_rfd
278,보관금 처리,cs_how_rfd,cs_how_rfd
279,보관금 처리해주세요,cs_how_rfd,cs_how_exch_rtgs_etc
280,보관금 통장에 입금되는거야,cs_how_rfd,cs_how_rfd
281,보관금 환불 어떻게 해,cs_how_rfd,cs_how_rfd
282,보관금 환불 어케 받아요,cs_how_rfd,cs_how_rfd
283,보관금 환불 요청드려요,cs_how_rfd,faq_dsat_dlv_nrcv
284,환불은 어디서 받을 수 있나요,cs_how_rfd,cs_how_rfd
285,환불은 어떻게 받을 수 있나요,cs_how_rfd,cs_how_rfd
286,환불을 신청합니다,cs_how_rfd,faq_dsat_dlv_nrcv
287,환불처리 부탁드립니다,cs_how_rfd,cs_how_rfd
288,환불한다고 물건가져갔는데 언제 완료되나요,cs_how_rfd,cs_how_rfd
289,환불방법문의합니다,cs_how_rfd,cs_how_rfd
290,환불신청하면 언제 처리되나요,cs_how_rfd,cs_how_rfd
291,환불을 계좌로 입금해주세요,cs_how_rfd,cs_regchg_gen
292,환불일자 알려줘,cs_how_rfd,cs_how_exch_rtgs_etc
293,환불절차 알고 싶어요,cs_how_rfd,cs_how_rfd
294,환불처리를 계좌로 받고 싶어요,cs_how_rfd,cs_how_rfd
295,휴대폰 결제 환불 알려줘,cs_how_rfd,cs_sgt_exchrtgs
296,휴대폰 결제는 취소하면 어떻게 환불되나요,cs_how_rfd,cs_how_rfd
297,취소 후 포인트 생성 문의,cs_how_rfd,cs_how_rfd
298,환불방법 알려줘,cs_how_rfd,cs_sgt_exchrtgs
299,환불 정책 알려줘,cs_how_rfd,cs_sgt_exchrtgs
300,매장수령문의,cs_how_smp,faq_dsat_dlv_nrcv
301,스마트픽 교환 가능한 매장,cs_how_smp,cs_how_smp
302,스마트픽 교환 가능한 매장 보여주세요,cs_how_smp,cs_sgt_exchrtgs
303,스마트픽 교환 가능한 매장 보여줘,cs_how_smp,cs_sgt_exchrtgs
304,스마트픽 교환 가능한 매장 알려주세요,cs_how_smp,cs_sgt_exchrtgs
305,스마트픽 교환 가능한 매장 알려줘,cs_how_smp,cs_sgt_exchrtgs
306,스마트픽 교환 가능한 매장 어디서 볼 수 있나요,cs_how_smp,cs_sgt_exchrtgs
307,스마트픽 교환 가능한 매장 어디서 볼 수 있어,cs_how_smp,cs_sgt_exchrtgs
308,백화점 픽업 가능여부 궁금합니다,cs_how_smp,cs_how_smp
309,백화점 스마트픽하면 언제 까지 받을 수 있나요,cs_how_smp,cs_how_smp
310,백화점 상품 직접 받는 거 가능합니까,cs_how_smp,cs_how_smp
311,백화점 상품 스마트픽하면 택배보다 빨리 받나요,cs_how_smp,faq_dsat_gen
312,백화점 매장픽업 도와줘,cs_how_smp,cs_how_smp
313,매장픽업 백화점에서도 되요,cs_how_smp,cs_how_smp
314,매장수령가능,cs_how_smp,cs_how_smp
315,매장 방문인가요 데스크 방문인가요,cs_how_smp,cs_how_smp
316,교환권 보기,cs_how_smp,cs_how_smp
317,교환권 보여줘,cs_how_smp,cs_qry_ord
318,스마트픽 교환권 확인해줘,cs_how_smp,cs_sgt_exchrtgs
319,스마트픽 교환권 확인할래,cs_how_smp,cs_sgt_exchrtgs
320,스마트픽 교환권 확인,cs_how_smp,cs_how_smp
321,스마트픽 교환권 확인하고싶어,cs_how_smp,cs_how_rfd
322,스마트픽 상품은 그냥 바로 찾으면 되나요,cs_how_smp,cs_how_smp
323,스마트픽 상품은 그냥 바로찾으면 되나요,cs_how_smp,cs_how_smp
324,스마트픽 수령 언제 가능한가요,cs_how_smp,cs_how_smp
325,스마트픽 교환권 문자 어떻게 사용해,cs_how_smp,cs_regchg_gen
326,스마트픽 교환권 문자 어떻게 써야하나요,cs_how_smp,faq_how_dlv_chg
327,스마트픽 교환권 문자 어떻게 쓰나요,cs_how_smp,cs_how_smp
328,스마트픽 교환권 문자 어떻게 쓰는지 알려주세요,cs_how_smp,faq_how_dlv_chg
329,스마트픽 가능한 매장은 어디서 봐,cs_how_smp,cs_how_smp
330,스마트픽 가능한 매장은 어디서 확인 가능할까요,cs_how_smp,cs_sgt_exchrtgs
331,스마트픽 가능한 매장은 어디서 확인할 수 있나요,cs_how_smp,cs_sgt_exchrtgs
332,스마트픽 가능한 매장은 어디서 확인할 수 있어,cs_how_smp,cs_sgt_exchrtgs
333,스마트픽 교환권 보내줘,cs_how_smp,cs_sgt_exchrtgs
334,스마트픽 교환권 빨리 보내주세요,cs_how_smp,cs_how_exch_rtgs_etc
335,스마트픽 교환권 빨리 보내줘,cs_how_smp,cs_how_exch_rtgs_etc
336,스마트픽 교환권 빨리주세요,cs_how_smp,cs_how_exch_rtgs_etc
337,스마트픽 픽업하는곳이 어딘가요,cs_how_smp,cs_how_smp
338,픽업매장 어디서 볼 수 있나요,cs_how_smp,cs_how_smp
339,픽업매장 어디서 확인할 수 있나요,cs_how_smp,cs_how_smp
340,픽업매장 어디서 확인하나요,cs_how_smp,cs_how_smp
341,픽업 가능한 백화점 알려줘,cs_how_smp,cs_how_smp
342,픽업 가능한 매장 어디서 보나요,cs_how_smp,cs_sgt_exchrtgs
343,픽 메세지는 언제보내주나요,cs_how_smp,cs_mart_dlv
344,편의점에서 찾을 수 있어,cs_how_smp,cs_sgt_exchrtgs
345,주문한 픽업 상품 도착했어,cs_how_smp,cs_regchg_smp
346,스마트픽 배송 완료되서 수령하러 갈 때 뭐 필요한 게 있나요,cs_how_smp,cs_regchg_smp
347,스마트픽 배송 시간,cs_how_smp,cs_how_smp
348,스마트픽 배송 기간,cs_how_smp,cs_how_smp
349,스마트픽 바코드가 안왔어요,cs_how_smp,cs_how_smp
350,"마트 배송 시간을 알고 싶은데, 어디서 확인할 수 있나요",cs_mart_dlv,cs_mart_dlv
351,마트의 배송 가능 시간을 찾아보고 있어요,cs_mart_dlv,cs_mart_dlv
352,마트의 배송 시간을 알아내려면 어디를 봐야 하나요,cs_mart_dlv,cs_mart_dlv
353,마트상품 구매 시 배송이 되는 시간을 확인하고 싶어요,cs_mart_dlv,cs_mart_dlv
354,"마트의 배송 시간을 찾고 있는데, 정보를 얻을 수 있는 곳이 있을까요",cs_mart_dlv,cs_mart_dlv
355,"마트의 배송 시간을 찾고 있는데, 어디서 볼 수 있나요",cs_mart_dlv,cs_mart_dlv
356,마트 배송가능한 시간은 어디서 보나요,cs_mart_dlv,cs_mart_dlv
357,마트 배송 가능한 시간 확인하고 싶은데 못 찾겠어요,cs_mart_dlv,cs_mart_dlv
358,마트 오늘 발송 가능한가요,cs_mart_dlv,cs_mart_dlv
359,마트 지금 주문하면 오늘 출발할까요,cs_mart_dlv,cs_mart_dlv
360,지금 주문하면 당일 발송 가능한가요,cs_mart_dlv,cs_mart_dlv
361,당일 발송 가능한 시간대를 알고 싶은데 어디서 확인할 수 있나요,cs_mart_dlv,cs_mart_dlv
362,당일 발송 시간이 남아있나요,cs_mart_dlv,cs_mart_dlv
363,지금 주문하면 당일 출발하나요,cs_mart_dlv,cs_mart_dlv
364,"당일 배송 출발했으면 하는데요, 언제까지 주문하면 될까요",cs_mart_dlv,cs_mart_dlv
365,내일 필요해서 오늘 출발했으면 좋겠는데 언제까지 주문하면 될까요,cs_mart_dlv,cs_mart_dlv
366,지금 주문하면 오늘 출발하는지 알려주세요,cs_mart_dlv,cs_mart_dlv
367,지금 주문했을 때 선택가능한 배송시간이 언제인지 알 수 있나요,cs_mart_dlv,cs_qry_dlv
368,오늘 선택가능한 배송시간대가 언제인가요,cs_mart_dlv,cs_mart_dlv
369,오늘 선택 가능한 배송시간대가 언제인지 알려주세요,cs_mart_dlv,cs_mart_dlv
370,오늘 선택 가능한 배송시간대 어디서 보나요,cs_mart_dlv,cs_mart_dlv
371,오늘 출발했으면 하는데 배송 가능한 시간대 어디서 확인할 수 있나요,cs_mart_dlv,cs_mart_dlv
372,오늘 출발했으면 하는데 배송 가능 일정 확인할 수 있는 곳 알려줘요,cs_mart_dlv,cs_mart_dlv
373,오늘 출발하면 좋겠는데 배송 가능 일정 확인 좀 해주세요,cs_mart_dlv,cs_qry_dlv
374,지금 주문하면 오늘 발송되나요,cs_mart_dlv,cs_mart_dlv
375,오늘 몇시까지 주문해야 당일 발송되나요,cs_mart_dlv,cs_mart_dlv
376,오늘 몇시까지 주문하면 당일 발송될까요,cs_mart_dlv,cs_mart_dlv
377,당일 발송 됐으면 하는데 언제까지 주문하면 될까요,cs_mart_dlv,cs_mart_dlv
378,당일 발송 가능한 일정 알려주세요,cs_mart_dlv,cs_mart_dlv
379,오늘 선택가능한 배송시간대가 언제인가요,cs_mart_dlv,cs_mart_dlv
380,당일 발송 가능한 배송 시간 알려주세요,cs_mart_dlv,cs_mart_dlv
381,몇시까지 주문하면 오늘 발송되는지 확인해줘,cs_mart_dlv,cs_mart_dlv
382,3시까지 주문하면 오늘 발송되는거 맞나요,cs_mart_dlv,cs_mart_dlv
383,지금 주문했을 때 오늘 발송되는 시간 남아있나요,cs_mart_dlv,cs_mart_dlv
384,지점에서 배송 가능한 시간 보고 싶은데 어떻게 보나요,cs_mart_dlv,cs_mart_dlv
385,마트에서 배송 가능한 일정을 확인하려면 어떻게 들어가야 하나요,cs_mart_dlv,cs_mart_dlv
386,마트 배송 가능 일정 보려면 어디로 들어가야 되나요,cs_mart_dlv,cs_mart_dlv
387,마트 배송 가능 일정 확인하고 싶은데 어디서 보나요,cs_mart_dlv,cs_mart_dlv
388,마트 배송 가능한 시간을 확인하고 싶어요,cs_mart_dlv,cs_mart_dlv
389,마트 배송 가능한 시간을 찾고 있는데 어디 있나요,cs_mart_dlv,cs_mart_dlv
390,제 근처 마트에서 배송 가능한 시간이 언제인지 알고 싶어요,cs_mart_dlv,cs_mart_dlv
391,오늘 발송가능한 시간이 있는지 확인하고 싶은데요,cs_mart_dlv,cs_mart_dlv
392,오늘 발송되려면 언제 주문을 해야하는지 알고 싶은데요,cs_mart_dlv,cs_mart_dlv
393,지금 주문하면 오늘 발송될까요,cs_mart_dlv,cs_mart_dlv
394,오늘 발송 가능한 시간 언제인지 조회할래요,cs_mart_dlv,cs_mart_dlv
395,지금 주문하면 오늘 오후에 발송될까요,cs_mart_dlv,cs_mart_dlv
396,마트상품 지금 구매하면 오늘 발송되는지 궁금해요,cs_mart_dlv,cs_mart_dlv
397,마트 상품 결제하려고하는데 오늘 발송 가능할까요,cs_mart_dlv,cs_mart_dlv
398,마트 상품 주문하려고 하는데 오늘 발송 가능할까요,cs_mart_dlv,cs_mart_dlv
399,오늘 발송됐으면 해요 일정 확인해주세요,cs_mart_dlv,cs_qry_dlv
400,정기배송도 계좌입금 가능한가요,cs_qry_dlv,cs_qry_dlv
401,정기배송도 배송비가 있나요,cs_qry_dlv,cs_qry_dlv
402,정기배송은 어디서 등록하나요,cs_qry_dlv,faq_how_dlv
403,내 택배 배송상태 어디서 봐,cs_qry_dlv,cs_qry_ord
404,내 택배 상태 알려줘,cs_qry_dlv,cs_qry_ord
405,내 택배 송장 조회 해줘,cs_qry_dlv,cs_sgt_exchrtgs
406,내 택배 어디까지 와 있어,cs_qry_dlv,faq_how_dlv_chg
407,내 택배 어디까지 왔어,cs_qry_dlv,faq_how_dlv_chg
408,발송약정일 안에는 오는 게 맞나요,cs_qry_dlv,cs_mart_dlv
409,배송 궁금해,cs_qry_dlv,cs_qry_dlv
410,배송 날짜 확인은 어디서 하나요,cs_qry_dlv,cs_mart_dlv
411,배송 내역 조회해줘,cs_qry_dlv,cs_qry_ord
412,배송이 계속안되고 있습니다.,cs_qry_dlv,faq_dsat_gen
413,배송 지연 이유를 알고 싶습니다,cs_qry_dlv,faq_dsat_gen
414,배송 왜 지연된건가요,cs_qry_dlv,faq_dsat_gen
415,배송 상황 알려줘,cs_qry_dlv,cs_qry_ord
416,배송 안내해줘,cs_qry_dlv,cs_qry_ord
417,배송 알려줘,cs_qry_dlv,cs_qry_ord
418,배송 어디까지 왔어,cs_qry_dlv,cs_qry_dlv
419,배송 언제 시작인가요,cs_qry_dlv,cs_qry_dlv
420,배송 언제 올까요,cs_qry_dlv,cs_qry_dlv
421,배송일정,cs_qry_dlv,faq_how_dlv_chg
422,배송정보,cs_qry_dlv,cs_qry_dlv
423,배송정보 알려줘,cs_qry_dlv,cs_qry_ord
424,배송조회,cs_qry_dlv,cs_sgt_exchrtgs
425,배송조회 할래,cs_qry_dlv,cs_sgt_exchrtgs
426,정기배송 정보 어디서 관리해,cs_qry_dlv,faq_how_cstm_clrnc
427,정기배송 정보 어디서 관리할 수 있어,cs_qry_dlv,faq_how_dlv
428,정기배송 정보 어디서 관리할 수 있습니까,cs_qry_dlv,faq_how_dlv
429,정기배송 오는 시간 알려주세요,cs_qry_dlv,cs_qry_dlv
430,정기배송 오는 시간 알 수 있습니까,cs_qry_dlv,cs_mart_dlv
431,정기배송 오는 날짜 알려줘,cs_qry_dlv,cs_qry_dlv
432,정기배송 어떻게 관리할 수 있어,cs_qry_dlv,cs_regchg_gen
433,정기배송 어떻게 관리할 수 있나요,cs_qry_dlv,cs_regchg_gen
434,정기배송 신청 잘 됐어,cs_qry_dlv,cs_regchg_smp
435,정기배송 신청 잘 됐는지 확인해줘,cs_qry_dlv,cs_sgt_exchrtgs
436,정기배송 신청 잘 됐는지 확인해주세요,cs_qry_dlv,cs_sgt_exchrtgs
437,선물 줘야 돼서 배송 언제 되는지 알고 싶습니다,cs_qry_dlv,cs_qry_dlv
438,주문한 상품 배송 관련 어디다 물어보면 되나요,cs_qry_dlv,cs_how_inst
439,내 배달 정보 알려줘,cs_qry_dlv,cs_qry_ord
440,배송이 시작되었습니다,cs_qry_dlv,cs_regchg_gen
441,주문했는데 아직 못받았어요 언제받을수잇나요,cs_qry_dlv,cs_qry_dlv
442,금일내로 갖다주세요.,cs_qry_dlv,cs_qry_dlv
443,배송기간이 얼마나 걸리나요,cs_qry_dlv,faq_how_cstm_clrnc
444,배송되기까지 오래걸릴까요,cs_qry_dlv,faq_how_cstm_clrnc
445,배송되는 시간이 얼마인가요,cs_qry_dlv,cs_qry_dlv
446,배송되는데 걸리는 시간이 얼마인가요,cs_qry_dlv,faq_how_cstm_clrnc
447,정기배송 되는 매장 보여줘,cs_qry_dlv,cs_qry_ord
448,정기 배송 되는 매장 보여줘,cs_qry_dlv,cs_qry_dlv
449,정기배송 되는 매장 알려주세요,cs_qry_dlv,cs_mart_dlv
450,구매했던 내역 보여줘,cs_qry_ord,cs_qry_ord
451,구매한 상품들은 어디서 확인하나요,cs_qry_ord,cs_qry_ord
452,구매한 내역 보여주세요,cs_qry_ord,cs_qry_ord
453,구매목록을 보고싶은데,cs_qry_ord,cs_qry_ord
454,구매내역은 어디서 봐야하나요,cs_qry_ord,cs_qry_ord
455,구매내역은 어디서 볼 수 있나요,cs_qry_ord,cs_qry_ord
456,구매내역은 어디로 가야 보나요,cs_qry_ord,cs_qry_ord
457,구매내역은 어느곳으로 가야 볼 수 있나요,cs_qry_ord,cs_qry_ord
458,2019년 거래내역 확인 필요합니다,cs_qry_ord,cs_qry_ord
459,이전주문 배송내역 조회 확인할 방법이 없을까요,cs_qry_ord,cs_qry_ord
460,롯데닷컴 과거 배송내역 확인,cs_qry_ord,cs_qry_ord
461,주문했는데 쇼핑백 동봉 요청드립니다,cs_qry_ord,cs_how_inst
462,방금 주문했는데 쇼핑백도 같이 넣어주세요,cs_qry_ord,cs_how_inst
463,지금 주문했는데 쇼핑백도 넣어주시나요,cs_qry_ord,cs_how_inst
464,쇼핑백도 동봉해주시는지 궁금합니다,cs_qry_ord,cs_qry_ord
465,2020년 4월 이전에 주문한 상품을 확인하고 싶은데 어떻게 하면 되는건가요,cs_qry_ord,cs_how_inst
466,롯데닷컴 구매 날짜 알고싶어요,cs_qry_ord,cs_qry_ord
467,과거 주문내역 확인이 안되는데 이제 불가능한가요,cs_qry_ord,cs_qry_ord_de
468,주문내역 실수로 삭제했는데 어떻게 해요,cs_qry_ord,cs_qry_ord
469,내가 주문한것 보고 싶어,cs_qry_ord,cs_qry_ord
470,내가 주문한거 보여줘,cs_qry_ord,cs_qry_ord
471,내가 주문한거 보고싶어,cs_qry_ord,cs_qry_ord
472,2018년 8월에 결제한게 있는데 그 항목이 뭔지 확인할 수 있을까요?,cs_qry_ord,cs_qry_ord
473,내가 주문한 리스트 보여줘,cs_qry_ord,cs_qry_ord
474,주문조회 하고싶어,cs_qry_ord,com_how_ord
475,주문 완료한 리스트 알려주세요,cs_qry_ord,com_how_ord
476,주문 완료한 리스트 알려줘,cs_qry_ord,cs_qry_ord
477,내가 물건 샀던 내역 어디서 봐,cs_qry_ord,cs_qry_ord
478,주문 내역 어디서 봐,cs_qry_ord,cs_qry_ord
479,내가 샀던 물건 어디서 봐,cs_qry_ord,cs_qry_ord
480,나 뭐 샀더라,cs_qry_ord,cs_qry_ord
481,나 뭐뭐 샀지,cs_qry_ord,cs_qry_ord
482,내가 주문한거 어디서 보나요,cs_qry_ord,cs_qry_ord
483,내가 시킨거 어디서봐,cs_qry_ord,cs_qry_dlv
484,내가 시킨거 확인 어디서 해,cs_qry_ord,cs_qry_dlv
485,내가 시킨거 보여줘,cs_qry_ord,cs_qry_ord
486,지마켓 롯데닷컴 주문내역 확인 되나요,cs_qry_ord,cs_qry_ord
487,해외발송,cs_qry_ord,faq_how_cstm_clrnc
488,해외발송상품,cs_qry_ord,faq_how_cstm_clrnc
489,해외주문상품,cs_qry_ord,faq_how_cstm_clrnc
490,주문목록을 보고싶은데,cs_qry_ord,cs_qry_ord
491,주문목록 보고싶습니다,cs_qry_ord,cs_qry_ord
492,구매내역 조회는 어디서 해,cs_qry_ord,cs_qry_ord
493,구매내역 조회,cs_qry_ord,cs_qry_ord
494,구매내역 알려줘,cs_qry_ord,cs_qry_ord
495,주문 완료한내역,cs_qry_ord,cs_qry_ord
496,"18~19년도 롯데마트 구매내역, 배송정보를 확인하고 싶은데 가능한가요",cs_qry_ord,cs_qry_ord
497,거래내역 어디서 확인할수 있나요,cs_qry_ord,cs_qry_ord
498,주문/배송내역,cs_qry_ord,cs_qry_ord
499,주문/배송 자세히 알려줘,cs_qry_ord,cs_qry_ord
500,주문 기록이 안 보이네요,cs_qry_ord_de,cs_qry_ord_de
501,주문 내역을 찾을 수가 없어요,cs_qry_ord_de,cs_qry_ord_de
502,주문한 내역이 보이지 않아요,cs_qry_ord_de,cs_qry_ord_de
503,주문 기록이 없는 것 같아요,cs_qry_ord_de,cs_qry_ord_de
504,주문 내역이 없는 것 같아요,cs_qry_ord_de,cs_qry_ord_de
505,주문한 기록이 확인되지 않아요,cs_qry_ord_de,cs_qry_ord_de
506,주문 내역이 사라졌나봐요,cs_qry_ord_de,cs_qry_ord_de
507,주문 기록이 없어 보이네요,cs_qry_ord_de,cs_qry_ord_de
508,주문 기록을 찾을 수가 없어요,cs_qry_ord_de,cs_qry_ord_de
509,주문 내역을 찾을 수가 없어요,cs_qry_ord_de,cs_qry_ord_de
510,소셜 간편회원으로 주문한 내역을 보고 싶어요,cs_qry_ord_de,cs_qry_ord_de
511,소셜 간편 회원으로 주문한 내용을 확인하고 싶어요,cs_qry_ord_de,cs_qry_ord_de
512,소셜 계정으로 주문한 내역을 보려고 하는데요,cs_qry_ord_de,cs_qry_ord_de
513,소셜 계정으로 주문한 내역은 어디서 볼 수 있나요,cs_qry_ord_de,cs_qry_ord_de
514,소셜 간편 회원으로 주문한 내용을 조회하고 싶어요,cs_qry_ord_de,cs_qry_ord_de
515,주문 내역 조회가 안되는데 어떻게 해야되나요,cs_qry_ord_de,cs_qry_ord_de
516,주문 내역이 없어졌다니까요,cs_qry_ord_de,cs_qry_ord_de
517,결제는 확인이 되는데 구매내역에는 안 나와요,cs_qry_ord_de,cs_qry_ord_de
518,주문내역이 안 뜨네요,cs_qry_ord_de,cs_qry_ord_de
519,주문내역이 존재하지 않는다고 하는데요,cs_qry_ord_de,cs_qry_ord_de
520,결제했는데 주문내역에 없는데요 어떻게 하죠,cs_qry_ord_de,cs_qry_ord_de
521,주문 내역이 안 나와요,cs_qry_ord_de,cs_qry_ord_de
522,상품 구매했는데 내역이 없다고 나오네요,cs_qry_ord_de,cs_qry_ord_de
523,주문내역이 안 떠요,cs_qry_ord_de,cs_qry_ord_de
524,주문해서 상품도 받았는데 주문내역이 뜨질 않아요,cs_qry_ord_de,cs_qry_ord_de
525,이미 주문했는데 기록이 없나요,cs_qry_ord_de,cs_qry_ord_de
526,주문내역이 없다고 뜨는 건 왜 그런거에요,cs_qry_ord_de,cs_qry_ord_de
527,주문 배송내역이 안 나와요,cs_qry_ord_de,cs_qry_ord_de
528,주문 내역보니 안 보이네요,cs_qry_ord_de,cs_qry_ord_de
529,최근 구입 내역 조회가 안되네요,cs_qry_ord_de,cs_qry_ord_de
530,주문 배송 내역이 검색이 안되는 것 같습니다,cs_qry_ord_de,cs_qry_ord_de
531,주문했고 배송알림카톡문자까지 받았는데 배송조회 클릭하면 주문내역이 없다고 나와요,cs_qry_ord_de,cs_cncl
532,왜 주문 내역 확인이 안되나요,cs_qry_ord_de,cs_qry_ord_de
533,주문내용이 안보이는데요,cs_qry_ord_de,cs_qry_ord_de
534,주문상품이 조회가 안되네요,cs_qry_ord_de,cs_qry_ord_de
535,어제 주문한 내역이 없어요,cs_qry_ord_de,cs_qry_ord_de
536,주문내역이 조회되지 않아요,cs_qry_ord_de,cs_qry_ord_de
537,구매내역이 없네요,cs_qry_ord_de,cs_qry_ord_de
538,pc에서는 주문 배송 내역이 없다고 나옵니다,cs_qry_ord_de,cs_qry_ord_de
539,주문 내역이 없다고 나오는데 확인해주세요,cs_qry_ord_de,cs_qry_ord_de
540,홍차를 구매했었는데 기록이 안보여요,cs_qry_ord_de,cs_qry_ord_de
541,주문내역이 확인이 안됩니다,cs_qry_ord_de,cs_qry_ord_de
542,주문내용이 없다고 나와요,cs_qry_ord_de,cs_qry_ord_de
543,주문내역에 구매한 상품이 안 보입니다,cs_qry_ord_de,cs_qry_ord_de
544,주문내역이 뜨질 않아요,cs_qry_ord_de,cs_qry_ord_de
545,카드에는 결제 내역이 찍혀 있는데 주문내역이 조회가 안돼요,cs_qry_ord_de,cs_qry_ord_de
546,결제를 했는데 주문내역에는 표시가 없네요,cs_qry_ord_de,cs_qry_ord_de
547,제 구입 이력이 안뜨나요,cs_qry_ord_de,cs_qry_ord_de
548,구매기록이 없어진 것 같은데요,cs_qry_ord_de,faq_dsat_dlv_nrcv
549,주문배송내용에 아무것도 안 떠요,cs_qry_ord_de,cs_qry_ord_de
550,픽업 배송 택배로 변경,cs_regchg_gen,cs_regchg_gen
551,픽업 신청했는데 택배 배송으로 변경,cs_regchg_gen,faq_dsat_dlv
552,받는 곳 변경,cs_regchg_gen,cs_regchg_gen
553,배송 픽업 변경,cs_regchg_gen,cs_regchg_smp
554,배송으로 했는데 픽업으로 변경,cs_regchg_gen,cs_regchg_gen
555,배송 방법 변경할래,cs_regchg_gen,cs_regchg_gen
556,배송방법 변경,cs_regchg_gen,cs_regchg_gen
557,내주변픽업으로 변경,cs_regchg_gen,cs_how_smp
558,픽업매장변경,cs_regchg_gen,cs_regchg_gen
559,배송주문 픽업으로 변경할게요,cs_regchg_gen,cs_sgt_exchrtgs
560,결제완료상품 배송지수정 방법,cs_regchg_gen,com_how_ord
561,구매확정 연장버튼이 없어요,cs_regchg_gen,cs_qry_ord_de
562,받는분 전화번호 변경,cs_regchg_gen,cs_regchg_gen
563,받는사람 전화번호 변경을 하려고요,cs_regchg_gen,cs_regchg_gen
564,매장픽업으로 변경 가능할까요,cs_regchg_gen,cs_sgt_exchrtgs
565,매장픽업으로 변경할 수 있을까요,cs_regchg_gen,cs_sgt_exchrtgs
566,배달지점변경,cs_regchg_gen,cs_regchg_gen
567,매장을 변경하고 싶은데요,cs_regchg_gen,cs_regchg_gen
568,배송시간을 마지막 배송으로 변경 해주세요,cs_regchg_gen,cs_regchg_gen
569,배송 빠른 시간으로 변경해주세요,cs_regchg_gen,cs_regchg_gen
570,배송되었어요 배송완료해주세요,cs_regchg_gen,cs_regchg_gen
571,배송 완료를 표시해주세요,cs_regchg_gen,cs_qry_ord
572,주문 상품 배송완료로 확인해주세요,cs_regchg_gen,cs_qry_ord
573,배송 완료처리가 안 된게있어요,cs_regchg_gen,faq_dsat_dlv_nrcv
574,배송완료가 되지 않아요,cs_regchg_gen,faq_dsat_gen
575,배송완료 되게 해주세요,cs_regchg_gen,cs_how_inst
576,배송희망일 바꿀 수 있어,cs_regchg_gen,cs_regchg_smp
577,배송희망일 바꿀 수 있나요,cs_regchg_gen,cs_regchg_smp
578,배송희망일 바꾸고 싶어,cs_regchg_gen,cs_regchg_gen
579,배송희망일 바꾸고 싶습니다,cs_regchg_gen,cs_regchg_gen
580,배송희망날짜 변경하고싶어,cs_regchg_gen,cs_regchg_gen
581,배송지 수정할래,cs_regchg_gen,cs_regchg_gen
582,배송지 수정할라구,cs_regchg_gen,cs_regchg_gen
583,배송지 수정할 수 있나요,cs_regchg_gen,cs_regchg_gen
584,당일주문 상품 배송일시 변경,cs_regchg_gen,cs_regchg_smp
585,당일주문상품 배송일시 변경,cs_regchg_gen,cs_mart_dlv
586,장보기 상품 날짜 변경 좀 해주세요,cs_regchg_gen,cs_regchg_smp
587,장보기상품 날짜 변경 좀 해주세요,cs_regchg_gen,cs_regchg_smp
588,배송지 바꾸려구,cs_regchg_gen,cs_regchg_gen
589,배송지 바꾸는 방법 알려줘,cs_regchg_gen,faq_how_dlv
590,배송지 바꾸고 싶어,cs_regchg_gen,cs_regchg_gen
591,배송지 바꾸고 싶습니다,cs_regchg_gen,cs_regchg_gen
592,배송날짜는 어디서 바꿀 수 있나요,cs_regchg_gen,cs_regchg_smp
593,배송날짜 변경해줘,cs_regchg_gen,cs_regchg_gen
594,배송날짜 변경해주세요,cs_regchg_gen,cs_regchg_gen
595,구매확정하는 방법 알려주세요,cs_regchg_gen,com_how_ord
596,구매확정을 하려면 어떻게 해야하나요,cs_regchg_gen,cs_regchg_gen
597,구매확정은 어떻게 할 수 있을까요,cs_regchg_gen,cs_regchg_gen
598,배송인 이름을 변경바랍니다,cs_regchg_gen,cs_regchg_gen
599,보내는분 수정부탁드리려구요,cs_regchg_gen,cs_qry_dlv
600,픽업일자 바꾸려고,cs_regchg_smp,cs_regchg_smp
601,픽업일자 바꿀라고,cs_regchg_smp,cs_regchg_smp
602,픽업일자 변경 가능합니까,cs_regchg_smp,cs_regchg_smp
603,픽업일자 변경 할라구,cs_regchg_smp,cs_regchg_smp
604,픽업일자 변경하려구,cs_regchg_smp,cs_regchg_smp
605,픽업일자 변경할려고,cs_regchg_smp,cs_regchg_smp
606,픽업일자는 어디서 바꾸나요,cs_regchg_smp,cs_regchg_smp
607,스마트픽 상품 수령일 바꿔주세요,cs_regchg_smp,cs_regchg_smp
608,스마트픽 상품 수령일 변경하려구,cs_regchg_smp,cs_regchg_smp
609,스마트픽 상품 수령일 바꿀수있지,cs_regchg_smp,cs_regchg_smp
610,스마트픽 상품 수령일 변경 요청합니다,cs_regchg_smp,cs_regchg_smp
611,백화점 픽업 날짜 다시 고를게요,cs_regchg_smp,cs_how_smp
612,스마트픽 일정 바꿔주세요,cs_regchg_smp,cs_regchg_smp
613,스마트픽 방문 일정 바꿔주세요,cs_regchg_smp,cs_regchg_smp
614,스마트픽 날짜 미뤄주세요,cs_regchg_smp,cs_regchg_smp
615,스마트픽 날짜 당길 수 있나요,cs_regchg_smp,cs_regchg_smp
616,스마트픽 픽업날짜 다음주로 미룰수 있나요,cs_regchg_smp,cs_regchg_smp
617,스마트픽 픽업일 조정할 수 있나요,cs_regchg_smp,cs_regchg_smp
618,스마트픽 픽업일 조정 가능한가요,cs_regchg_smp,cs_regchg_smp
619,스마트픽 방문일 며칠만 미뤄주세요,cs_regchg_smp,cs_regchg_smp
620,스마트픽 주문한 상품 픽업날짜 변경 되어요,cs_regchg_smp,cs_regchg_smp
621,픽업일 어디서 바꾸나요,cs_regchg_smp,cs_regchg_smp
622,스마트픽 픽업일 변경하는법,cs_regchg_smp,cs_regchg_smp
623,픽업날짜 바꿔줘,cs_regchg_smp,cs_regchg_smp
624,상품 픽업 날짜변경 가능할까요,cs_regchg_smp,cs_regchg_smp
625,상품 픽업 날짜 변경 가능할까요,cs_regchg_smp,cs_regchg_smp
626,상품 픽업일 변경하고 싶어요,cs_regchg_smp,cs_regchg_smp
627,상품 픽업 날짜 변경하고 싶습니다,cs_regchg_smp,cs_regchg_smp
628,픽업일을 변경하고 싶습니다,cs_regchg_smp,cs_regchg_smp
629,스마트픽 방문일자 변경 가능한가요,cs_regchg_smp,cs_regchg_smp
630,3일에 픽업하기로 했는데 5일로 바꿔주세요,cs_regchg_smp,cs_regchg_smp
631,어디서 픽업날짜를 바꿀 수 있나요,cs_regchg_smp,cs_regchg_smp
632,스마트픽으로 주문했는데 날짜 시간 변경 가능한가요,cs_regchg_smp,cs_regchg_smp
633,스마트픽으로 주문한 건 방문 날짜 변경해주세요,cs_regchg_smp,cs_regchg_smp
634,스마트픽 픽업일 변경할 수 있을까요,cs_regchg_smp,cs_regchg_smp
635,스마트픽 픽업일 변경할 수 있나요,cs_regchg_smp,cs_regchg_smp
636,어디서 픽업일 변경이 가능한가요,cs_regchg_smp,cs_regchg_smp
637,어디서 픽업일을 바꿀 수 있나요,cs_regchg_smp,cs_regchg_smp
638,어디서 픽업일을 바꿔야 할까요,cs_regchg_smp,cs_regchg_smp
639,어떻게하면 픽업일을 바꿀 수 있나요,cs_regchg_smp,cs_regchg_smp
640,월요일에 픽업하기로 했는데 화요일로 바꿔줘,cs_regchg_smp,cs_regchg_smp
641,주문상품 픽업날짜를 바꾸고싶어요,cs_regchg_smp,cs_regchg_smp
642,내일 픽업하기로 했는데 모레로 바꿀 수 있을까요,cs_regchg_smp,cs_regchg_smp
643,다른날 픽업 할 수 있을까요,cs_regchg_smp,cs_regchg_smp
644,스마트픽 수령완료 했어요,cs_regchg_smp,cs_regchg_smp
645,스마트픽 수령완료했으니 상태 변경해주세요,cs_regchg_smp,cs_regchg_smp
646,스마트픽 받았어요,cs_regchg_smp,cs_regchg_smp
647,스마트픽 수령완료했어요.,cs_regchg_smp,cs_regchg_smp
648,픽업날짜 어디서 바꾸나요,cs_regchg_smp,cs_regchg_smp
649,픽업날짜 변경해줘,cs_regchg_smp,cs_regchg_smp
650,스마트픽상품 교환/반품하고싶어요,cs_sgt_exchrtgs,cs_how_rfd
651,스마트픽상품 반품하고싶어요,cs_sgt_exchrtgs,cs_how_rfd
652,스마트픽상품 교환하고싶어요,cs_sgt_exchrtgs,cs_how_rfd
653,교환/반품비 얼마인가요,cs_sgt_exchrtgs,cs_sgt_exchrtgs
654,온라인 구입 반품,cs_sgt_exchrtgs,cs_qry_dlv
655,사이즈 변경이 안되어서요,cs_sgt_exchrtgs,faq_dsat_exch
656,반품 경로를 못찾겠어요,cs_sgt_exchrtgs,cs_regchg_gen
657,픽업상품 반품,cs_sgt_exchrtgs,cs_how_rfd
658,반품 신청했는데 택배비 문의,cs_sgt_exchrtgs,cs_sgt_exchrtgs
659,제가 알고 있는 반품비랑 달라요,cs_sgt_exchrtgs,cs_sgt_exchrtgs
660,교환될까요,cs_sgt_exchrtgs,cs_how_smp
661,반품 신청했는데 무료인가요,cs_sgt_exchrtgs,cs_sgt_exchrtgs
662,교환 신청했는데 무료인가요,cs_sgt_exchrtgs,cs_sgt_exchrtgs
663,다른 주문건 반품,cs_sgt_exchrtgs,cs_how_rfd
664,반품접수가 보이지 않습니다,cs_sgt_exchrtgs,cs_how_exch_rtgs_etc
665,반품신청이 없어요,cs_sgt_exchrtgs,cs_how_exch_rtgs_etc
666,반품신청 한다고요,cs_sgt_exchrtgs,cs_sgt_exchrtgs
667,교환 신청하는 방법,cs_sgt_exchrtgs,cs_sgt_exchrtgs
668,교환 신청 시 배송비 추가로 내야하나요,cs_sgt_exchrtgs,shipping_fee_twice
669,교환할때는 배송비 무료인거죠,cs_sgt_exchrtgs,cs_sgt_exchrtgs
670,상품 교환 신청,cs_sgt_exchrtgs,cs_sgt_exchrtgs
671,상품 교환,cs_sgt_exchrtgs,cs_qry_dlv
672,사이즈 교환해줘,cs_sgt_exchrtgs,cs_sgt_exchrtgs
673,배송받은 상품 사이즈 바꿔주세요,cs_sgt_exchrtgs,cs_sgt_exchrtgs
674,교환하고 싶은데요,cs_sgt_exchrtgs,cs_sgt_exchrtgs
675,교환하고 싶어,cs_sgt_exchrtgs,cs_sgt_exchrtgs
676,교환 접수해줄래,cs_sgt_exchrtgs,cs_sgt_exchrtgs
677,교환 접수해주세요,cs_sgt_exchrtgs,cs_sgt_exchrtgs
678,선물받은 상품도 교환 되나요,cs_sgt_exchrtgs,com_how_ord
679,모바일 상품권 교환,cs_sgt_exchrtgs,cs_how_smp
680,모바일 상품권 반품,cs_sgt_exchrtgs,cs_how_rfd
681,e쿠폰 상품권 반품,cs_sgt_exchrtgs,shipping_fee_twice
682,e쿠폰 교환,cs_sgt_exchrtgs,cs_how_smp
683,모바일 교환권 교환,cs_sgt_exchrtgs,cs_how_smp
684,모바일 교환권 반품,cs_sgt_exchrtgs,cs_sgt_exchrtgs
685,선물 받은 상품이 있어요 교환이나 반품 가능한가요,cs_sgt_exchrtgs,cs_sgt_exchrtgs
686,스마트픽 교환할래,cs_sgt_exchrtgs,cs_regchg_smp
687,교환비 카드 결제 되나요,cs_sgt_exchrtgs,cs_qry_dlv
688,반품비 결제 카드로만 해야하나요,cs_sgt_exchrtgs,cs_sgt_rfd_repay
689,온마일리지 어떻게 교환하는지 알려주세요,cs_sgt_exchrtgs,cs_how_inst
690,온마일리지 어떻게 바꿔요,cs_sgt_exchrtgs,faq_how_dlv_chg
691,교환비용 얼마인지 알려줘,cs_sgt_exchrtgs,cs_qry_dlv
692,보낸선물 교환할래,cs_sgt_exchrtgs,cs_sgt_exchrtgs
693,보낸선물 교환해주세요,cs_sgt_exchrtgs,cs_sgt_exchrtgs
694,정기배송 상품들 교환할 수 있습니까,cs_sgt_exchrtgs,cs_how_inst
695,정기배송 상품들 교환할 수 있어,cs_sgt_exchrtgs,cs_sgt_exchrtgs
696,정기배송도 반품 가능해,cs_sgt_exchrtgs,cs_sgt_exchrtgs
697,정기배송은 반품 어디서 하나요,cs_sgt_exchrtgs,cs_sgt_exchrtgs
698,이거 산거 반품할래,cs_sgt_exchrtgs,cs_sgt_exchrtgs
699,맞교환 가능한지요,cs_sgt_exchrtgs,cs_sgt_exchrtgs
700,취소하는데 왜 결제를 하나요,cs_sgt_rfd_repay,cs_sgt_rfd_repay
701,취소하려는데 결제하라고 나와요,cs_sgt_rfd_repay,cs_sgt_rfd_repay
702,취소하는데 결제창이 뜨는건 뭔가요,cs_sgt_rfd_repay,cs_sgt_rfd_repay
703,취소하려는데 왜 결제창이 뜨나요,cs_sgt_rfd_repay,cs_sgt_rfd_repay
704,취소하려는데 재결제 하라네요,cs_sgt_rfd_repay,cs_sgt_rfd_repay
705,재결제 진행을 하려고 합니다,cs_sgt_rfd_repay,cs_sgt_rfd_repay
706,재결제 진행 좀 도와줘,cs_sgt_rfd_repay,cs_how_exch_rtgs_etc
707,재결제 어려운데,cs_sgt_rfd_repay,cs_sgt_rfd_repay
708,취소하려고 하는데 재결제 하래,cs_sgt_rfd_repay,cs_sgt_rfd_repay
709,재결제 진행하는 거 알려줄래,cs_sgt_rfd_repay,cs_sgt_rfd_repay
710,재결제 어떻게 해,cs_sgt_rfd_repay,cs_sgt_rfd_repay
711,재결제 하는 방법,cs_sgt_rfd_repay,cs_sgt_rfd_repay
712,재결제가 뭐지,cs_sgt_rfd_repay,cs_sgt_rfd_repay
713,재결제해줘,cs_sgt_rfd_repay,cs_how_exch_rtgs_etc
714,취소했는데 재결제가 됐네요,cs_sgt_rfd_repay,cs_sgt_rfd_repay
715,반품신청하는데 결제를 다시 하라고 하네요,cs_sgt_rfd_repay,cs_sgt_rfd_repay
716,취소하는데 돈을 내래요,cs_sgt_rfd_repay,cs_sgt_rfd_repay
717,취소하는데 결제를 또해요,cs_sgt_rfd_repay,cs_sgt_rfd_repay
718,취소하는데 결제를 왜 다시 하나요,cs_sgt_rfd_repay,cs_sgt_rfd_repay
719,재결제 진행은 어떻게 해,cs_sgt_rfd_repay,cs_sgt_rfd_repay
720,재결제 하기,cs_sgt_rfd_repay,cs_sgt_rfd_repay
721,재결제 알려줘,cs_sgt_rfd_repay,cs_sgt_exchrtgs
722,재결제를 어떻게 하는지 알려주세요,cs_sgt_rfd_repay,cs_sgt_rfd_repay
723,재결제 도와주세요,cs_sgt_rfd_repay,cs_sgt_rfd_repay
724,재결제를 하려고 하는데요,cs_sgt_rfd_repay,cs_sgt_rfd_repay
725,재결제를 왜 해야하나요,cs_sgt_rfd_repay,cs_sgt_rfd_repay
726,재결제 하려고,cs_sgt_rfd_repay,cs_sgt_rfd_repay
727,재결제는 어떻게 해야돼,cs_sgt_rfd_repay,cs_sgt_rfd_repay
728,취소하려고 하니 재결제하라는데 도대체 뭔가요,cs_sgt_rfd_repay,cs_sgt_rfd_repay
729,취소했는데 재결제가 되네요,cs_sgt_rfd_repay,cs_sgt_rfd_repay
730,재결제가 뭔가요,cs_sgt_rfd_repay,cs_sgt_rfd_repay
731,왜 환불 처리가 재결제를 해야하나요,cs_sgt_rfd_repay,cs_sgt_rfd_repay
732,재결제가 무슨 뜻이야,cs_sgt_rfd_repay,cs_sgt_rfd_repay
733,재결제 해줘,cs_sgt_rfd_repay,cs_sgt_rfd_repay
734,재결제 하려고 합니다,cs_sgt_rfd_repay,cs_sgt_rfd_repay
735,재결제 진행하고싶습니다,cs_sgt_rfd_repay,cs_sgt_rfd_repay
736,재결제 의미,cs_sgt_rfd_repay,cs_sgt_rfd_repay
737,재결제 요청드려요,cs_sgt_rfd_repay,cs_sgt_rfd_repay
738,재결제,cs_sgt_rfd_repay,cs_sgt_rfd_repay
739,다시 결제 할래,cs_sgt_rfd_repay,cs_sgt_rfd_repay
740,왜 환불 처리가 재결제를 해야 하나요,cs_sgt_rfd_repay,cs_sgt_rfd_repay
741,재결제 하면 취소시간이 다른가요,cs_sgt_rfd_repay,cs_sgt_rfd_repay
742,재결제 취소는 언제쯤 되나요,cs_sgt_rfd_repay,cs_how_rfd
743,재결제 취소 얼마나 걸려,cs_sgt_rfd_repay,cs_cncl
744,재결제 후에 카드 취소내역이 안뜹니다,cs_sgt_rfd_repay,cs_cncl
745,재결제 했는데 취소 언제돼요,cs_sgt_rfd_repay,cs_how_rfd
746,재결제 했는데 취소 문자가 안왔어요,cs_sgt_rfd_repay,cs_cncl
747,출고된 부분만 재결제 부탁드려요,cs_sgt_rfd_repay,cs_sgt_rfd_repay
748,취소하고 다시 재결제 문의 좀 드려요,cs_sgt_rfd_repay,cs_how_exch_rtgs_etc
749,재결제 할 수 있나요,cs_sgt_rfd_repay,cs_sgt_rfd_repay
750,중복 배송됐어요,faq_dsat_dlv,shipping_fee_twice
751,집 앞에 부탁했는데 경비실에 두고 가셨네요,faq_dsat_dlv,faq_dsat_dlv
752,이럴거면 배송메시지 왜 쓰라고 하시죠 무인택배함에 부탁드렸는데 집 앞에 두고 갔어요,faq_dsat_dlv,faq_dsat_dlv
753,배송완료는 됐는데 다른 집으로 갔네요,faq_dsat_dlv,faq_dsat_dlv
754,배송이 엉망이네요,faq_dsat_dlv,faq_dsat_gen
755,박스 뚜껑이 열린 채로 왔어요,faq_dsat_dlv,faq_dsat_dlv
756,배송 연락주기로 했는데 연락도 없네요,faq_dsat_dlv,faq_dsat_dlv
757,옆집으로 오배송되었었어요,faq_dsat_dlv,faq_how_dlv_chg
758,택배상자 한쪽이 젖어서 배송됐습니다,faq_dsat_dlv,faq_dsat_dlv
759,다른 집으로 배송이 되어서 못 받았어요,faq_dsat_dlv,faq_how_dlv_chg
760,박스가 일부 찢어지고 상품 박스도 몇개 찌그러져 왔어요,faq_dsat_dlv,faq_dsat_dlv
761,물품을 방금 받아서 확인했는데 와인잔이 파손돼있네요,faq_dsat_dlv,faq_dsat_exch
762,상품이 파손된 채로 도착했어요,faq_dsat_dlv,faq_dsat_dlv
763,상품이 망가져서 도착했는데요.,faq_dsat_dlv,faq_dsat_dlv
764,냉동식품이 다 녹아서 박스가 젖은채로 왔는데요,faq_dsat_dlv,faq_dsat_dlv
765,안내 받은 배송 시간과 다른 시간에 배송하셨어요,faq_dsat_dlv,cs_regchg_gen
766,물건을 문 앞에 쏟아놓고 가셨어요,faq_dsat_dlv,faq_dsat_dlv
767,배송 전 연락달라고 했는데 그냥 연락없이 두고 가셨어요,faq_dsat_dlv,faq_dsat_dlv
768,배송서비스가 너무 별로에요,faq_dsat_dlv,faq_dsat_gen
769,무인택배함에 넣어달라고 했는데 그냥 집 앞에 던지고 가셨네요,faq_dsat_dlv,faq_dsat_dlv
770,비 맞은 건지 박스가 다 젖어서 왔어요,faq_dsat_dlv,faq_dsat_dlv
771,박스가 젖어서 다 찢어졌어요,faq_dsat_dlv,faq_dsat_dlv
772,이렇게 배송하시면 어떡합니까,faq_dsat_dlv,faq_how_dlv_chg
773,주문 취소했는데 배송완료됐다고 문자가 왔어요,faq_dsat_dlv,faq_dsat_dlv
774,주문 취소했는데 배송완료로 문자가 왔습니다,faq_dsat_dlv,faq_dsat_dlv
775,각자 배송시켰는데 한꺼번에 택배배송됐어요,faq_dsat_dlv,cs_how_inst
776,비와서 박스가 다 젖어왔어요,faq_dsat_dlv,faq_dsat_dlv
777,아직 배송 전인데 배송완료로 나오네요,faq_dsat_dlv,faq_dsat_dlv_nrcv
778,배송전인데 배송완료라고 연락왔어요,faq_dsat_dlv,faq_dsat_dlv_nrcv
779,아직 배송도 안했는데 무슨 배송완료입니까,faq_dsat_dlv,faq_dsat_dlv_nrcv
780,냉동식품이 다 녹아서 왔는데 상했으면 어떡합니까,faq_dsat_dlv,faq_dsat_dlv
781,중복 배송됐는데 어떻게 하나요,faq_dsat_dlv,faq_how_dlv_chg
782,제가 주문한게 아니라 다른 사람이 주문한 상품이 왔어요,faq_dsat_dlv,faq_dsat_exch
783,제가 주문한건 안오고 다른 사람 거가 왔어요,faq_dsat_dlv,faq_dsat_exch
784,다른 집으로 배송해서 지금 찾을 수도 없는데요,faq_dsat_dlv,faq_dsat_dlv
785,다른 주소로 오배송하셨어요,faq_dsat_dlv,faq_how_dlv_chg
786,배송이 엉망으로 왔어요,faq_dsat_dlv,faq_how_dlv_chg
787,봉투 없이 현관 바닥에 다 쏟아놓고 가셨어요,faq_dsat_dlv,faq_dsat_dlv
788,박스가 개봉된 채로 배송됐어요,faq_dsat_dlv,faq_dsat_dlv
789,박스가 개봉된 채로 왔어요,faq_dsat_dlv,faq_dsat_dlv
790,오늘 상품 받았는데 박스가 다 훼손됐어요,faq_dsat_dlv,faq_dsat_dlv
791,취소 된 거 확인했는데 배송이 왔어요,faq_dsat_dlv,faq_dsat_dlv
792,상품이 2번 배송됐는데요,faq_dsat_dlv,faq_dsat_dlv
793,냉동식품이 저희 집에 잘못 배송됐어요,faq_dsat_dlv,faq_how_dlv_chg
794,포장이 다 찢어져서 왔음,faq_dsat_dlv,faq_dsat_dlv
795,택배상자가 엄청 더럽고 아랫쪽 한쪽은 젖어있습니다,faq_dsat_dlv,faq_dsat_dlv
796,다른 집으로 배송돼서 상품을 못 받았어요,faq_dsat_dlv,faq_how_dlv_chg
797,우리 집으로 남의 택배가 도착했는데 확인 가능할까요,faq_dsat_dlv,faq_dsat_dlv_nrcv
798,옆집에 잘못 배송됐어요,faq_dsat_dlv,faq_how_dlv_chg
799,롯데마트몰 주문했는데 다른 집으로 배송이 잘못 되어서 냉동식품이 다 녹았습니다,faq_dsat_dlv,faq_how_dlv_chg
800,분실 신고,faq_dsat_dlv_nrcv,faq_dsat_dlv_nrcv
801,상품을 받지 못하였습니다,faq_dsat_dlv_nrcv,faq_dsat_dlv_nrcv
802,주문한 상품 누락,faq_dsat_dlv_nrcv,cs_qry_ord_de
803,샘플누락,faq_dsat_dlv_nrcv,faq_dsat_exch
804,상품 못 받았는데 배송완료로 나와요,faq_dsat_dlv_nrcv,faq_dsat_dlv_nrcv
805,샘플이 누락됬어요,faq_dsat_dlv_nrcv,faq_dsat_exch
806,샘플 누락,faq_dsat_dlv_nrcv,faq_dsat_dlv_nrcv
807,다시 출고해주세요,faq_dsat_dlv_nrcv,cs_sgt_rfd_repay
808,물건을받았는데 수량이 틀리네요,faq_dsat_dlv_nrcv,faq_dsat_dlv_nrcv
809,다시 받을 수 있을까요,faq_dsat_dlv_nrcv,cs_how_exch_rtgs_etc
810,도착안했습니다,faq_dsat_dlv_nrcv,faq_dsat_dlv_nrcv
811,물건이 없어요 확인좀 해주세요,faq_dsat_dlv_nrcv,faq_dsat_dlv_nrcv
812,물품배송이 안된 것 같아요,faq_dsat_dlv_nrcv,faq_dsat_dlv_nrcv
813,배송 안되었어요,faq_dsat_dlv_nrcv,faq_dsat_dlv_nrcv
814,재배송 해주세요,faq_dsat_dlv_nrcv,cs_how_inst
815,물건이 분실되면 어찌되나요,faq_dsat_dlv_nrcv,faq_dsat_dlv_nrcv
816,물건 배송안되었어요 확인해주세요,faq_dsat_dlv_nrcv,faq_dsat_dlv_nrcv
817,재배송 원해요,faq_dsat_dlv_nrcv,cs_how_inst
818,상품 재인도 해주세요,faq_dsat_dlv_nrcv,cs_sgt_exchrtgs
819,다시 배송해주세요,faq_dsat_dlv_nrcv,faq_how_dlv_chg
820,재배송,faq_dsat_dlv_nrcv,cs_regchg_gen
821,재배송 바랍니다,faq_dsat_dlv_nrcv,cs_how_inst
822,배송완료로 되있는데 배송이 안되엇는데요 확인 부탁드려요,faq_dsat_dlv_nrcv,faq_dsat_dlv_nrcv
823,재출고 부탁합니다,faq_dsat_dlv_nrcv,com_how_ord
824,택배가 아직 안왔어요,faq_dsat_dlv_nrcv,cs_qry_dlv
825,재발송해주세요,faq_dsat_dlv_nrcv,cs_how_exch_rtgs_etc
826,재발송 바랍니다,faq_dsat_dlv_nrcv,cs_how_exch_rtgs_etc
827,배송이 되지 안았는데 완료라 되어 있습니다,faq_dsat_dlv_nrcv,faq_dsat_dlv_nrcv
828,택배가 안 왔어요,faq_dsat_dlv_nrcv,faq_dsat_dlv_nrcv
829,택배가 도착하지 않았는데 수령 했다는 알람이 떠요,faq_dsat_dlv_nrcv,faq_dsat_dlv_nri
830,가져다주지도 않고 배송완료 처리됬어요,faq_dsat_dlv_nrcv,faq_dsat_dlv_nrcv
831,택배가 안왔습니다,faq_dsat_dlv_nrcv,faq_dsat_dlv_nrcv
832,"배송이 안온듯한데, 어떻게 해야하나요",faq_dsat_dlv_nrcv,faq_dsat_gen
833,분실물,faq_dsat_dlv_nrcv,faq_dsat_dlv_nrcv
834,물건이 없어요,faq_dsat_dlv_nrcv,faq_dsat_dlv_nrcv
835,결제한 물건이 누락됐어요,faq_dsat_dlv_nrcv,cs_qry_ord_de
836,아직 덜 왔어요,faq_dsat_dlv_nrcv,cs_how_exch_rtgs_etc
837,상품이 빠졌던데요,faq_dsat_dlv_nrcv,faq_dsat_dlv_nrcv
838,증정품이 안와서 문의 드리려고 합니다,faq_dsat_dlv_nrcv,cs_how_exch_rtgs_etc
839,택배가 안왔어요,faq_dsat_dlv_nrcv,faq_dsat_dlv_nrcv
840,아무것도 안왔어요,faq_dsat_dlv_nrcv,faq_dsat_dlv_nrcv
841,택배가 없어졌어요,faq_dsat_dlv_nrcv,faq_dsat_dlv_nrcv
842,수량보다 적게 배송되었습니다,faq_dsat_dlv_nrcv,faq_dsat_exch
843,누락건은 어떻게 처리되나요,faq_dsat_dlv_nrcv,faq_dsat_dlv_nri
844,발송누락된건가요,faq_dsat_dlv_nrcv,faq_dsat_gen
845,분실접수 가능할까요,faq_dsat_dlv_nrcv,faq_dsat_dlv_nrcv
846,배송도 안됐는데 완료가 무슨 말이죠,faq_dsat_dlv_nrcv,faq_dsat_dlv_nrcv
847,배송 안됐어요,faq_dsat_dlv_nrcv,faq_dsat_dlv_nrcv
848,도착안했다고요,faq_dsat_dlv_nrcv,faq_dsat_dlv_nrcv
849,상품 미수령 신고하는 방법,faq_dsat_dlv_nrcv,faq_dsat_dlv_nri
850,제가 이상품을 배송받지 못해서 현재 미수령신고를 해둔 상태인데 아무런 답변이 없어요,faq_dsat_dlv_nri,faq_dsat_dlv_nri
851,미수령 문의 했는데 왠 엉뚱한 답변이 오나요,faq_dsat_dlv_nri,faq_dsat_dlv_nri
852,미수령신고는 신청했지만 그 이후 답이 없어서 문의드립니다,faq_dsat_dlv_nri,faq_dsat_dlv_nri
853,미수령신고 건,faq_dsat_dlv_nri,faq_dsat_dlv_nri
854,미수령 신고도 했고 고객센터는 통화연결이 안되고 1대1 문의도 남겼는데 답변이 없어 답답하네요,faq_dsat_dlv_nri,faq_dsat_dlv_nri
855,미수령 신고도 했고 1대1 문의도 남겼는데,faq_dsat_dlv_nri,faq_dsat_dlv_nri
856,1:1 문의 넣기도 하고 미수령 신고도 했는데 답변없어 연락드립니다,faq_dsat_dlv_nri,faq_dsat_dlv_nri
857,미수령신고 했는데 품절로 인해 환불하라는 답을 받은 상태입니다,faq_dsat_dlv_nri,faq_dsat_dlv_nri
858,"미수령 상황을 신고했는데, 다음 단계가 무엇인지 궁금합니다",faq_dsat_dlv_nri,faq_dsat_dlv_nri
859,"상품을 받지 못해서 신고했는데, 이후에 무엇을 해야 할까요",faq_dsat_dlv_nri,faq_dsat_dlv_nri
860,미수령 신고 다음 처리 과정이 어떻게 되는지 알고 싶어,faq_dsat_dlv_nri,faq_dsat_dlv_nri
861,"미수령 상황을 신고했는데, 다음 절차를 알려주세요",faq_dsat_dlv_nri,faq_dsat_dlv_nri
862,미수령 신고 했어요 다음 절차 안내해주세요',faq_dsat_dlv_nri,faq_dsat_dlv_nri
863,미수령 신고 했는데 그냥 기다리면 되나요,faq_dsat_dlv_nri,faq_dsat_dlv_nri
864,미수령 신고하면 끝인가요,faq_dsat_dlv_nri,faq_dsat_dlv_nri
865,미수령 신고한 거 확인하고 싶은데 어떻게 보죠,faq_dsat_dlv_nri,faq_dsat_dlv_nri
866,상품을 못 받아서 미수령 신고를 했어요 지금 어떻게 처리되고 있는지 보여줘요,faq_dsat_dlv_nri,faq_dsat_dlv_nri
867,미수령 신고했는데 뭐 연락도 없고 이게 뭡니까,faq_dsat_dlv_nri,faq_dsat_dlv_nri
868,미수령 상품 신고했는데 연락이 없어서요 어떻게 되고 있나요,faq_dsat_dlv_nri,faq_dsat_dlv_nri
869,미수령 상품 신고하면 기다리기만 하면 될까요,faq_dsat_dlv_nri,faq_dsat_dlv_nri
870,미수령 상품 신고 후에 제가 해야 될 건 없나요,faq_dsat_dlv_nri,faq_dsat_dlv_nri
871,미수령 신고 했는데 내역 확인이 안돼요,faq_dsat_dlv_nri,faq_dsat_dlv_nri
872,미수령 신고 접수했는데 한참동안 말이 없어요,faq_dsat_dlv_nri,faq_dsat_dlv_nri
873,미수령 신고 뭐 어떻게 되고 있는건가요,faq_dsat_dlv_nri,faq_dsat_dlv_nri
874,상품을 받지 못해서 신고를 했는데요 아직 이렇다 할 연락이 없어요,faq_dsat_dlv_nri,faq_dsat_dlv_nri
875,미수령 신고한거 진행상황 좀 보여주세요,faq_dsat_dlv_nri,faq_dsat_dlv_nri
876,미수령 신고한 거 진행이 어떻게 되고 있나요,faq_dsat_dlv_nri,faq_dsat_dlv_nri
877,상품 미수령되어 신고했는데 한참이 지나도 연락이 없어요,faq_dsat_dlv_nri,faq_dsat_dlv_nri
878,미수령 신고 관련해서 답변이 없으면 어떻게 해요,faq_dsat_dlv_nri,faq_dsat_dlv_nri
879,미수령 신고 재접수,faq_dsat_dlv_nri,faq_dsat_dlv_nri
880,미수령 신고했는데 해결이 안돼요 다시 접수해야 하나요,faq_dsat_dlv_nri,faq_dsat_dlv_nri
881,미수령 신고한거 왜 연락없죠 언제 처리되나요,faq_dsat_dlv_nri,faq_dsat_dlv_nri
882,미수령 신고 건 언제 처리되는지 알려주세요,faq_dsat_dlv_nri,faq_dsat_dlv_nri
883,미수령 신고 건 언제 처리되나요,faq_dsat_dlv_nri,faq_dsat_dlv_nri
884,상품 수령 못해서 미수령 신고를 했는데 어떻게 되고 있는지 안내는 없나요,faq_dsat_dlv_nri,faq_dsat_dlv_nri
885,미수령 신고하면 현황은 어디서 확인하나요,faq_dsat_dlv_nri,faq_dsat_dlv_nri
886,미수령 신고 지금 어떻게 진행되고 있나요,faq_dsat_dlv_nri,faq_dsat_dlv_nri
887,미수령 신고 지금 어떻게 진행되는지 보고 싶은데요,faq_dsat_dlv_nri,faq_dsat_dlv_nri
888,미수령 신고했고 현황 알려주시기 바랍니다,faq_dsat_dlv_nri,faq_dsat_dlv_nri
889,미수령 신고 건 현황 확인해주세요,faq_dsat_dlv_nri,faq_dsat_dlv_nri
890,미수령 신고한 거 조치 어떻게 되고 있나요,faq_dsat_dlv_nri,faq_dsat_dlv_nri
891,미수령 신고한 상품 어떻게 됐어요,faq_dsat_dlv_nri,faq_dsat_dlv_nri
892,미수령 신고 다 했는데 답변이 없네요,faq_dsat_dlv_nri,faq_dsat_dlv_nri
893,미수령 신고까지 했는데 이렇다 할 말이 없네요,faq_dsat_dlv_nri,faq_dsat_dlv_nri
894,미수령 신고며 문의도 다 했는데 답변이 없어요,faq_dsat_dlv_nri,faq_dsat_dlv_nri
895,미수령 신고했는데 혹시 확인됐나요,faq_dsat_dlv_nri,faq_dsat_dlv_nri
896,미수령 신고했는데 어떻게 진행되고 있는지 어디서 확인하나요,faq_dsat_dlv_nri,faq_dsat_dlv_nri
897,미수령 신고한 거 잘 진행되고 있죠,faq_dsat_dlv_nri,faq_dsat_dlv_nri
898,미수령 신고한 거 잘 진행되는지 확인 좀 부탁드려요,faq_dsat_dlv_nri,faq_dsat_dlv_nri
899,미수령 신고 도대체 언제 처리됩니까,faq_dsat_dlv_nri,faq_dsat_dlv_nri
900,티소매부분에 구멍이 나있습니다,faq_dsat_exch,faq_dsat_exch
901,상품하자인지 문의드립니다,faq_dsat_exch,cs_how_inst
902,사이즈를 왜 잘못 보내주세요,faq_dsat_exch,faq_dsat_exch
903,66사이즈 주문했는데 55사이즈로 배송되었습니다,faq_dsat_exch,faq_dsat_exch
904,롯데마트에서 배송된 상품이 주문한 것과 다릅니다,faq_dsat_exch,faq_dsat_exch
905,지퍼가 불량상태입니다,faq_dsat_exch,faq_dsat_exch
906,이물질 나왔습니다,faq_dsat_exch,faq_dsat_exch
907,뭐가 묻어서 안 지워져요,faq_dsat_exch,cs_how_exch_rtgs_etc
908,뭐가 묻었는데요,faq_dsat_exch,faq_dsat_exch
909,뭐가 묻었어요,faq_dsat_exch,faq_dsat_exch
910,터져서 왔어요,faq_dsat_exch,faq_dsat_dlv
911,상품 하자가 있어서 다시보내주실수 있나요,faq_dsat_exch,faq_dsat_dlv
912,고장난 게 왔는데,faq_dsat_exch,faq_dsat_exch
913,상해 있는 상태입니다,faq_dsat_exch,faq_dsat_exch
914,상품이 뿌셔졌어,faq_dsat_exch,faq_dsat_exch
915,깨져서 배송됐어,faq_dsat_exch,faq_dsat_dlv
916,상태가 이게 뭐야,faq_dsat_exch,cs_sgt_rfd_repay
917,2개가 안왔어요,faq_dsat_exch,faq_dsat_dlv_nrcv
918,물품이 빠지고 배송되었어요,faq_dsat_exch,faq_dsat_dlv
919,단추 하나가 없어요,faq_dsat_exch,faq_dsat_dlv_nrcv
920,너무 다른게 왔는데,faq_dsat_exch,faq_dsat_dlv
921,사이즈가 너무 다르잖아,faq_dsat_exch,faq_dsat_exch
922,화면이랑 너무 달라,faq_dsat_exch,faq_dsat_exch
923,화면이랑 차이가 너무 심해,faq_dsat_exch,faq_dsat_exch
924,계란이 다 깨져 왔어요,faq_dsat_exch,faq_dsat_dlv
925,너무 많이 상해있습니다,faq_dsat_exch,faq_dsat_exch
926,벌레가 나왔어요,faq_dsat_exch,faq_dsat_exch
927,상품에 문제가 있는데 보내고 다시 받으려면 택배비는 어떻게 되죠,faq_dsat_exch,faq_dsat_dlv
928,고구마가 안오고 치즈가 왔어요,faq_dsat_exch,faq_dsat_dlv_nrcv
929,뚜껑 한 개가 불량이 왔어요,faq_dsat_exch,faq_dsat_dlv
930,받은 그대로입니다. 상품에 단추 하나 떨어진채로 왔고 박스채로 보관중입니다,faq_dsat_exch,faq_dsat_dlv
931,제품이 다른것이 온건지 상세컷과 다르게 메탈색이 금장이 아니라 은장이네요,faq_dsat_exch,faq_dsat_exch
932,주문 상품과 다른 상품 배송되었음,faq_dsat_exch,faq_dsat_exch
933,지금 물건을 받았는데요. 완전히 바삭바삭 깨져서 왔어요,faq_dsat_exch,faq_dsat_dlv
934,상품 박음질이 뜯어져왔어요,faq_dsat_exch,faq_dsat_exch
935,상품 받았는데 불량이에요,faq_dsat_exch,faq_dsat_exch
936,상품 불량으로 교환하려는데 비용 지불해야 되나요,faq_dsat_exch,cs_sgt_exchrtgs
937,과일도 상해있고 물러있고 이게 뭡니까,faq_dsat_exch,faq_dsat_exch
938,썩은 상품을 팔아도 되나요,faq_dsat_exch,faq_dsat_exch
939,상품에 오염된 부분이 있습니다,faq_dsat_exch,faq_dsat_exch
940,구매한 상품 사이즈가 잘못 왔어요,faq_dsat_exch,cs_qry_ord_de
941,파손 상품 교환할건데 교환비 내야되나요,faq_dsat_exch,faq_dsat_dlv
942,사이즈 잘못 왔어요 교환할건데 교환비 필요한가요,faq_dsat_exch,cs_sgt_exchrtgs
943,채소가 불량이 있어요,faq_dsat_exch,faq_dsat_exch
944,제품을 받았는데 하나가 불량이예요,faq_dsat_exch,faq_dsat_exch
945,화면 색상하고 달라도 너무나 다른 옷을 보내놓고 색상 차이가 있을 수 있다고요,faq_dsat_exch,faq_dsat_exch
946,카메라 렌즈 속에 이물질이 들어밌어요,faq_dsat_exch,faq_dsat_exch
947,호박 상태가 모두 무르고 얼어 있어서 교환이나 환불해주세요,faq_dsat_exch,faq_dsat_exch
948,침대를 구매했는데 침대 안쪽이 깨져 있습니다,faq_dsat_exch,faq_dsat_dlv
949,상품을 받았는데 불량품이 왔어요,faq_dsat_exch,faq_dsat_exch
950,배송지연 연락이 오고 나선 아무 연락이 없습니다 마냥 기다리기만 하기엔 답답하네요,faq_dsat_gen,faq_dsat_gen
951,캐리어 배송이 안 움직여요,faq_dsat_gen,faq_dsat_gen
952,배송이 느려도 너무 느려요,faq_dsat_gen,faq_dsat_gen
953,주문한지 열흘이 되었는데 지연 이유에 대한 설명이나 연락도 없이 그냥 발송지연 이렇게 업데이트만 해놓으면 되는건가요,faq_dsat_gen,faq_dsat_gen
954,배송 지연 안내 받았는데,faq_dsat_gen,cs_qry_dlv
955,배송이 너무 느리시네요 요즘 세상에 뭐이리 늦어요,faq_dsat_gen,faq_dsat_gen
956,마트 배송이 너무 늦어요,faq_dsat_gen,faq_dsat_gen
957,배송은 안오고,faq_dsat_gen,faq_dsat_gen
958,배송이 진짜 느리네,faq_dsat_gen,faq_dsat_gen
959,"발송 일정이 확인이 계속 안되고, 배송이 너무 지연되고 있어요",faq_dsat_gen,faq_dsat_gen
960,문자로 배송 지연된다고 연락왔는데 기다릴게요,faq_dsat_gen,faq_dsat_gen
961,배송지연된다고 연락이 왔는데 배송이 얼마나 늦어지는지 궁금합니다,faq_dsat_gen,faq_dsat_gen
962,왜 배송이 늦어지는지 이유를 알고 싶어요 품절이라면 빨리 취소하고 다시 주문해야하니 빨리 알려주세요,faq_dsat_gen,faq_dsat_gen
963,물건 주문한지 꽤 됐는데 배송이 안되네요,faq_dsat_gen,faq_dsat_gen
964,출고가 어려우면 바로 연락주셨어야하는데 왜 제가 먼저 연락해서 알게 되는거지요,faq_dsat_gen,cs_sgt_exchrtgs
965,배송이 늦어지는 이유가 뭐죠,faq_dsat_gen,faq_dsat_gen
966,상품의 배송이 왜 지연되고 있는지 궁금합니다,faq_dsat_gen,faq_dsat_gen
967,배송이 예정된 시간보다 왜 더 오래 걸리고 있는 건가요,faq_dsat_gen,faq_how_cstm_clrnc
968,상품의 배송이 왜 이렇게 늦고 있는지 이유를 알고 싶습니다,faq_dsat_gen,faq_dsat_gen
969,배송 지연에 대해 어떤 문제가 발생했는지 이유를 알 수 있을까요,faq_dsat_gen,faq_dsat_gen
970,"배송이 이렇게 늦어지는데, 그 원인을 알고 싶어요",faq_dsat_gen,faq_dsat_gen
971,배송이 왜 이렇게 지연되고 있는지 정확한 이유를 알려주세요,faq_dsat_gen,faq_dsat_gen
972,배송이 지연되어서 짜증나네요,faq_dsat_gen,faq_dsat_gen
973,상품이 왜 이렇게 늦게 오는 건가요,faq_dsat_gen,faq_dsat_gen
974,발송한다는 메시지가 온지 2일이 지났는데 아무 연락이 없습니다,faq_dsat_gen,faq_dsat_gen
975,일주일이 넘도록 배송지연 한마디 던져놓고 일정이 어찌되는지 나몰라라 하고들 있네,faq_dsat_gen,faq_dsat_gen
976,배송이 너무 안되고 있어요,faq_dsat_gen,faq_dsat_gen
977,배송 왜 안해요 대체,faq_dsat_gen,faq_dsat_gen
978,발송지연이 언제까지 되는것인지요,faq_dsat_gen,faq_dsat_gen
979,옷이 안오네요,faq_dsat_gen,faq_dsat_gen
980,주문한지 한 달도 넘었는데 문의를 해도 답변이 없고,faq_dsat_gen,faq_dsat_gen
981,17일 주문 건인데 아직 오지도 않고,faq_dsat_gen,cs_qry_dlv
982,왜 보내지도않고 송장입력만 해놓은거죠,faq_dsat_gen,cs_qry_dlv
983,배송지연이 너무 오래걸립니다,faq_dsat_gen,faq_dsat_gen
984,판매 게시에는 버젓이 오늘발송이라고 게시하고 왜 발송지연인거죠,faq_dsat_gen,cs_mart_dlv
985,주문한지 한달인데 배송지연이라고만 뜨고 판매자는 전화도 문자를 해도 답이 없습니다,faq_dsat_gen,faq_dsat_gen
986,상품 출고가 안되는데,faq_dsat_gen,faq_dsat_dlv_nrcv
987,롯데온에 시킨 상품은 배송지연이 많나요,faq_dsat_gen,faq_dsat_gen
988,배송지연 너무 오래되는거 아닙니까,faq_dsat_gen,faq_how_cstm_clrnc
989,국내배송을 이주 롯데온 정말 미친거 아니야,faq_dsat_gen,cs_qry_dlv
990,발송 안 하나요,faq_dsat_gen,faq_dsat_gen
991,좀 빨리 좀 보내주면 안되나요,faq_dsat_gen,faq_dsat_gen
992,배송이 너무 늦어지는 듯 한데,faq_dsat_gen,faq_dsat_gen
993,발송지연에 대해 알아보고 연락준다더니 왜 연락이 없나요,faq_dsat_gen,faq_dsat_gen
994,왜 발송 안 하심,faq_dsat_gen,faq_dsat_gen
995,주문한 프로틴밀 두 달이 되어가네요,faq_dsat_gen,faq_dsat_gen
996,발송해주세요,faq_dsat_gen,cs_qry_dlv
997,늦게도 오네요,faq_dsat_gen,cs_how_exch_rtgs_etc
998,도대체 언제 오는지 배송은 시작도 안하고 뭐죠,faq_dsat_gen,cs_qry_dlv
999,배송 도대체 언제하는거에요,faq_dsat_gen,cs_qry_dlv
1000,해외 상품을 구매하면 어떻게 들여오는거에요,faq_how_cstm_clrnc,faq_how_cstm_clrnc
1001,직구 상품은 어떻게 들여오나요,faq_how_cstm_clrnc,faq_how_cstm_clrnc
1002,직구하면 외국에서 물건을 보내주나요,faq_how_cstm_clrnc,faq_how_cstm_clrnc
1003,직구 배송 많이 복잡해,faq_how_cstm_clrnc,faq_how_cstm_clrnc
1004,해외직구상품 과정을 좀 알고 싶어요,faq_how_cstm_clrnc,faq_how_cstm_clrnc
1005,해외 직구 상품 어떻게 우리나라로 오나요,faq_how_cstm_clrnc,faq_how_cstm_clrnc
1006,해외직구 통관 과정 알려줘,faq_how_cstm_clrnc,faq_how_cstm_clrnc
1007,통관절차 알려주세요,faq_how_cstm_clrnc,faq_how_cstm_clrnc
1008,통관 절차를 어디에 가면 알 수 있나요,faq_how_cstm_clrnc,faq_how_cstm_clrnc
1009,어디에 통관 절차 과정을 알 수 있게 적어놨나요,faq_how_cstm_clrnc,faq_how_cstm_clrnc
1010,통관 절차 문의드립니다,faq_how_cstm_clrnc,faq_how_cstm_clrnc
1011,통관 절차가 어떻게,faq_how_cstm_clrnc,faq_how_cstm_clrnc
1012,통관절차를 알려주실래요,faq_how_cstm_clrnc,faq_how_cstm_clrnc
1013,통관절차 말해줘,faq_how_cstm_clrnc,faq_how_cstm_clrnc
1014,통관절차 말해주세요,faq_how_cstm_clrnc,faq_how_cstm_clrnc
1015,일반적인 통관절차를 알고 싶은데요,faq_how_cstm_clrnc,faq_how_cstm_clrnc
1016,통관절차 문의하려고,faq_how_cstm_clrnc,faq_how_cstm_clrnc
1017,통관절차 어디서 확인해,faq_how_cstm_clrnc,faq_how_cstm_clrnc
1018,직구상품 주문한거,faq_how_cstm_clrnc,faq_how_cstm_clrnc
1019,세관에 문의하니 통관신고를 업체가 안해서 지연중이라고하는데요,faq_how_cstm_clrnc,faq_dsat_dlv_nri
1020,해외직구로 명품 구입,faq_how_cstm_clrnc,cs_qry_ord
1021,해외배송 상품 배송이 넘 늦네요,faq_how_cstm_clrnc,faq_dsat_gen
1022,해외직구절차 알려주세요,faq_how_cstm_clrnc,faq_how_cstm_clrnc
1023,해외상품 배송일정,faq_how_cstm_clrnc,faq_how_cstm_clrnc
1024,해외직구 상품 배송일정,faq_how_cstm_clrnc,faq_how_cstm_clrnc
1025,통관완료가 너무 오래걸려서요,faq_how_cstm_clrnc,faq_how_cstm_clrnc
1026,통관비용 더 내라던데,faq_how_cstm_clrnc,faq_how_cstm_clrnc
1027,통관정보가 조회되지 않아요,faq_how_cstm_clrnc,cs_qry_ord_de
1028,통관 확인,faq_how_cstm_clrnc,faq_how_cstm_clrnc
1029,해외직구 상품 구매시 주문자와 받는 사람이 같아야 하나요,faq_how_cstm_clrnc,faq_how_cstm_clrnc
1030,통관 비용을 더 내라는데 이게 무슨 말이에요,faq_how_cstm_clrnc,faq_how_cstm_clrnc
1031,해외상품 주문하면 직구 절차가 어떻게 되나요,faq_how_cstm_clrnc,faq_how_cstm_clrnc
1032,직구 절차 보고 싶은데 어디서 확인할 수 있나요,faq_how_cstm_clrnc,faq_how_cstm_clrnc
1033,통관비용에 대해 좀 안내해주세요,faq_how_cstm_clrnc,faq_how_cstm_clrnc
1034,통관 비용 더 내라는게 뭔 소리에요,faq_how_cstm_clrnc,faq_how_cstm_clrnc
1035,통관 비용을 왜 더 내야 하나요,faq_how_cstm_clrnc,faq_how_cstm_clrnc
1036,통관 비용을 더 내라고 안내가 왔는데 왜 그런거죠,faq_how_cstm_clrnc,faq_how_cstm_clrnc
1037,직구하는데 비용을 더 내래요 이게 맞나요,faq_how_cstm_clrnc,faq_how_cstm_clrnc
1038,통관 절차가 궁금한데요,faq_how_cstm_clrnc,faq_how_cstm_clrnc
1039,통관 절차 어디서 볼 수 있는거에요,faq_how_cstm_clrnc,faq_how_cstm_clrnc
1040,통관 절차에 대해 안내 좀,faq_how_cstm_clrnc,faq_how_cstm_clrnc
1041,통관 관련해서 문의가 있는데요,faq_how_cstm_clrnc,faq_how_cstm_clrnc
1042,통관 비용을 더 내야하는 이유가 뭐야,faq_how_cstm_clrnc,faq_how_cstm_clrnc
1043,통관 비용을 더 내야지만 상품을 받을 수 있나요,faq_how_cstm_clrnc,faq_how_cstm_clrnc
1044,해외 통관 상태라는데 통관 절차가 어떻게 되는지 궁금해요,faq_how_cstm_clrnc,faq_how_cstm_clrnc
1045,통관 절차가 어떻게 되는지 궁금해요,faq_how_cstm_clrnc,faq_how_cstm_clrnc
1046,월요일에 통관 시작했다고 연락왔는데 절차가 어떻게 되나요,faq_how_cstm_clrnc,faq_how_cstm_clrnc
1047,통관 절차 관련해서 물어보고 싶은게 있어요,faq_how_cstm_clrnc,faq_how_cstm_clrnc
1048,통관이 어떻게 되는지 알려주세요,faq_how_cstm_clrnc,faq_how_cstm_clrnc
1049,통관 비용 무조건 내야하나요,faq_how_cstm_clrnc,faq_how_cstm_clrnc
1050,여러명에게 발송시 주문방법,faq_how_dlv,faq_how_dlv
1051,배송지를 여러 곳으로 등록 가능한가요,faq_how_dlv,faq_how_dlv
1052,여러 곳으로 배송지 등록하는 방법,faq_how_dlv,faq_how_dlv
1053,배송지를 다중으로 입력하고 싶어요,faq_how_dlv,faq_how_dlv
1054,배송을 여러 곳으로도 보낼 수 있나요,faq_how_dlv,faq_how_dlv
1055,배송 여러 곳으로 보내기,faq_how_dlv,faq_how_dlv
1056,배송 여러 군데로 보내기,faq_how_dlv,faq_how_dlv
1057,배송지를 여러 개 등록하고 싶어요,faq_how_dlv,faq_how_dlv
1058,추석 상품 배송지 여러군데 등록,faq_how_dlv,faq_how_dlv
1059,배송지 여러곳,faq_how_dlv,faq_dsat_exch
1060,여러 배송지,faq_how_dlv,faq_dsat_exch
1061,분리 배송,faq_how_dlv,faq_dsat_exch
1062,다중배송지,faq_how_dlv,cs_regchg_gen
1063,여러곳으로 보내기,faq_how_dlv,faq_how_dlv
1064,똑같은 물건을 여러사람에게 보내려는데 각각 주문해야 되나요,faq_how_dlv,faq_how_dlv
1065,배송지를 여러 곳 설정할 수 있나요,faq_how_dlv,faq_how_dlv
1066,여러 곳으로 배송해야하는데 일일이 주문하는 수 밖에 없나요,faq_how_dlv,faq_how_dlv
1067,다중 배송지 설정 되나요,faq_how_dlv,faq_how_dlv
1068,다중 배송지 서비스 있나요,faq_how_dlv,faq_how_dlv
1069,한 주문에 여러 곳으로 배송할 수 있나요,faq_how_dlv,faq_how_dlv
1070,여러 곳에 동시에 배송할 수 있는지 궁금합니다,faq_how_dlv,faq_how_dlv
1071,한 주문으로 여러 주소에 배송이 가능한가요,faq_how_dlv,faq_how_dlv
1072,여러 곳에 동시에 배송해주실 수 있나요,faq_how_dlv,faq_how_dlv
1073,여러 곳으로 배송하는 건 가능한가요,faq_how_dlv,faq_how_dlv
1074,한 번에 여러 곳으로 배송하는 옵션이 있나요,faq_how_dlv,faq_how_dlv
1075,주문을 여러 곳으로 나눠서 보낼 수 있는지 알고 싶어요,faq_how_dlv,faq_how_dlv
1076,여러 곳으로 배송하는 방법이 있나요,faq_how_dlv,faq_how_dlv
1077,한 주문으로 여러 주소로 배송할 수 있는지 궁금합니다,faq_how_dlv,faq_how_dlv
1078,여러 곳으로 배송이 가능한지 확인하고 싶어요,faq_how_dlv,faq_how_dlv
1079,한 주문에 여러 곳으로 배송할 수 있는 옵션이 있나요,faq_how_dlv,faq_how_dlv
1080,여러 곳으로 배송할 때 추가 비용이 발생하는지 궁금합니다,faq_how_dlv,cs_how_inst
1081,여러 주소로 배송하는 서비스를 제공하나요,faq_how_dlv,faq_how_dlv
1082,한 번에 여러 곳으로 배송해주실 수 있나요,faq_how_dlv,faq_how_dlv
1083,주문을 여러 곳으로 배송할 때의 조건이 궁금합니다,faq_how_dlv,faq_how_dlv
1084,여러 곳으로 동시에 배송이 가능한지 알고 싶어요,faq_how_dlv,faq_how_dlv
1085,한 주문에 여러 주소로 상품을 보내는 건 가능한가요,faq_how_dlv,faq_how_dlv
1086,여러 곳으로 배송시 추가 비용이 발생하는지 궁금합니다,faq_how_dlv,cs_how_inst
1087,주문을 여러 곳으로 분할해서 배송해주시나요,faq_how_dlv,faq_how_dlv
1088,여러 곳으로 동시에 상품을 배송할 수 있는 옵션이 있나요,faq_how_dlv,faq_how_dlv
1089,주문을 여러 곳으로 동시에 배송할 수 있는지 궁금합니다,faq_how_dlv,faq_how_dlv
1090,여러 곳에 상품을 배송하는 것이 가능한가요,faq_how_dlv,faq_how_dlv
1091,주문을 여러 주소로 분할 배송할 수 있는지 알려주세요,faq_how_dlv,faq_how_dlv
1092,한 주문으로 여러 장소로 배송이 가능한가요,faq_how_dlv,faq_how_dlv
1093,주문을 다수의 주소로 배송하는 것이 가능한지요,faq_how_dlv,faq_how_dlv
1094,하나의 주문으로 다수의 배송지로 보내는 것이 가능한가요,faq_how_dlv,faq_how_dlv
1095,여러 곳에 상품을 보내려면 어떻게 해야 하나요,faq_how_dlv,faq_how_dlv
1096,주문을 여러 곳으로 동시에 배송하는 방법이 있을까요,faq_how_dlv,faq_how_dlv
1097,한 번에 여러 곳으로 상품을 보내는 옵션이 있나요,faq_how_dlv,faq_how_dlv
1098,주문을 여러 곳으로 배송할 때에는 어떤 절차를 거쳐야 하나요,faq_how_dlv,faq_how_dlv
1099,다중 배송 가능 여부와 추가 비용에 대해 알려주세요,faq_how_dlv,faq_how_dlv
1100,"반품 배송비가 두 번 청구된 것 같은데요, 확인 부탁드려요",shipping_fee_twice,shipping_fee_twice
1101,물품 반품 시 배송비가 두 번 청구된 것 같아 문의드립니다,shipping_fee_twice,shipping_fee_twice
1102,"반품 배송비가 중복으로 청구된 거 같은데, 확인 가능할까요",shipping_fee_twice,shipping_fee_twice
1103,반품 시 배송비가 두 번 청구된 것 같아서 문의드립니다,shipping_fee_twice,shipping_fee_twice
1104,물건을 반품했는데 배송비가 두 번 청구된 것 같아요. 확인 부탁드립니다,shipping_fee_twice,shipping_fee_twice
1105,물건을 반품했는데 반품 배송비가 두 번 청구된 것 같아 문의드립니다,shipping_fee_twice,shipping_fee_twice
1106,물건을 반품했는데 배송비가 두 번 청구된 것 같습니다. 확인 좀 부탁드려요,shipping_fee_twice,shipping_fee_twice
1107,"반품 배송비가 두 번 청구된 것 같은데, 원인을 알 수 있을까요",shipping_fee_twice,shipping_fee_twice
1108,"반품 시 배송비가 중복으로 청구된 거 같은데, 확인 좀 부탁드립니다",shipping_fee_twice,shipping_fee_twice
1109,반품한 상품에 대한 배송비가 중복으로 청구된 것 같아서 문의드립니다,shipping_fee_twice,shipping_fee_twice
1110,"반품한 상품에 대한 배송비가 두 번 청구된 것 같은데, 확인 부탁드립니다",shipping_fee_twice,shipping_fee_twice
1111,반품 배송비가 중복으로 청구된 것 같아서 확인 좀 부탁드립니다,shipping_fee_twice,shipping_fee_twice
1112,배송비 두번 나간 이유가 뭐에요,shipping_fee_twice,shipping_fee_twice
1113,배송비가 두번 나간거 같은데 맞나요,shipping_fee_twice,shipping_fee_twice
1114,아니 왜 배송비가 두번 나가는거죠,shipping_fee_twice,shipping_fee_twice
1115,배송비 동봉했는데 또 배송비가 나갔어요,shipping_fee_twice,shipping_fee_twice
1116,배송비 입금했는데 배송비가 차감된 거 같아요,shipping_fee_twice,shipping_fee_twice
1117,배송비가 차감됐는데 이러면 제가 두번 낸 거 아닌가요,shipping_fee_twice,shipping_fee_twice
1118,배송비 두번 가져간 거 같은데 확인해주세요,shipping_fee_twice,shipping_fee_twice
1119,배송비가 왜 두번 결제되는거죠,shipping_fee_twice,shipping_fee_twice
1120,배송비 이중으로 청구되는게 맞나요,shipping_fee_twice,shipping_fee_twice
1121,배송비가 이중으로 청구되었어요 확인 좀 해주세요,shipping_fee_twice,shipping_fee_twice
1122,배송비가 이중 청구되었어요 확인 좀 부탁드려요,shipping_fee_twice,shipping_fee_twice
1123,배송비가 이중 청구된 거 같은데요,shipping_fee_twice,shipping_fee_twice
1124,배송비를 두번 낸 거 같은데 확인해주세요,shipping_fee_twice,shipping_fee_twice
1125,배송비가 두번 나간 거 같아요,shipping_fee_twice,shipping_fee_twice
1126,배송비 두번 청구된 거 같은데 환불해주세요,shipping_fee_twice,shipping_fee_twice
1127,배송비 이중 청구됐어요 환불해주세요,shipping_fee_twice,shipping_fee_twice
1128,반품하는데 배송비가 두번 나갔어요 환불가능한가요,shipping_fee_twice,shipping_fee_twice
1129,배송비가 두번 나간 이유가 뭔지 알려주세요,shipping_fee_twice,shipping_fee_twice
1130,반품 배송비 동봉했는데 차감이 또 됐네요,shipping_fee_twice,shipping_fee_twice
1131,반품 배송비 동봉한거 다시 돌려주던지 환불을 해주세요,shipping_fee_twice,cs_how_rfd
1132,반품 배송비 이중 청구됐어요 확인 부탁드려요,shipping_fee_twice,shipping_fee_twice
1133,"배송비가 이중 청구됨, 확인 요망",shipping_fee_twice,shipping_fee_twice
1134,배송비가 두번 청구됐어요 판매자하고 연락도 안되고요,shipping_fee_twice,shipping_fee_twice
1135,배송비 두번 청구되는건 아닌거 같은데 확인해주세요,shipping_fee_twice,shipping_fee_twice
1136,배송비가 2번 청구되는게 맞나요,shipping_fee_twice,shipping_fee_twice
1137,배송비 청구 확인해주세요 두번 냈어요,shipping_fee_twice,shipping_fee_twice
1138,반품 배송비 확인해주세요 두번 냈어요,shipping_fee_twice,shipping_fee_twice
1139,반품비가 이중 청구 됐어요 어떻게 된거죠,shipping_fee_twice,shipping_fee_twice
1140,반품비 이중 청구,shipping_fee_twice,shipping_fee_twice
1141,반품비가 두번 나갔어요 어찌된 일이죠,shipping_fee_twice,shipping_fee_twice
1142,반품비 두번 나간거 환불받으려면 어떻게 해요,shipping_fee_twice,shipping_fee_twice
1143,반품비 이중 청구된거 환불받을 수 있나요,shipping_fee_twice,shipping_fee_twice
1144,반품비 이중 청구된거 맞는지 확인 좀 해주세요 환불 받을 수 있는지도요,shipping_fee_twice,shipping_fee_twice
1145,반품비 이중 청구되었는데 어디에 말씀드려야 되나요,shipping_fee_twice,shipping_fee_twice
1146,반품비 이중 청구됐는데 환불해주세요,shipping_fee_twice,shipping_fee_twice
1147,반품비 두번 청구된거 환불 부탁드립니다,shipping_fee_twice,shipping_fee_twice
1148,반품비가 두번 청구된거 같아요,shipping_fee_twice,shipping_fee_twice
1149,반품비 이중 청구된거 같으니 확인 좀 부탁드려요,shipping_fee_twice,shipping_fee_twice
1150,배송 딴데로 갖다주세요,faq_how_dlv_chg,faq_how_dlv_chg
1151,배송중인데 다른데서 받을 수 있게 해주세요,faq_how_dlv_chg,faq_how_dlv_chg
1152,배송중인데 다른데서 받고싶어요,faq_how_dlv_chg,faq_how_dlv_chg
1153,배송지를 잘못 입력해서 예전 집으로 갔는데 어떻게 하나요,faq_how_dlv_chg,faq_how_dlv_chg
1154,배송지가 잘못 되어서 상품을 못 받고 있네요,faq_how_dlv_chg,faq_how_dlv_chg
1155,배송지 오류 안내해줘,faq_how_dlv_chg,cs_sgt_exchrtgs
1156,배송이 다른 주소로 잘못 간 거 같은데 어떻게 해야하나요,faq_how_dlv_chg,faq_how_dlv_chg
1157,물품이 이상한 데로 갔어요,faq_how_dlv_chg,faq_dsat_exch
1158,다른 곳으로 배송되었어요,faq_how_dlv_chg,faq_dsat_dlv
1159,구매한 상품이 다른 주소로 배송된 것 같은데 어떻게 해야 하나요,faq_how_dlv_chg,faq_how_dlv_chg
1160,주소지 오류로 다른 데로 갔는데 받을 방법 없나요,faq_how_dlv_chg,faq_how_dlv_chg
1161,다른주소로 배송되었어요,faq_how_dlv_chg,faq_how_dlv_chg
1162,다른데로 상품이 갔어요,faq_how_dlv_chg,faq_how_dlv_chg
1163,다른 주소로 상품이 배송되었습니다,faq_how_dlv_chg,faq_dsat_exch
1164,상품이 다른 주소로 간것 같아요,faq_how_dlv_chg,faq_how_dlv_chg
1165,상품이 예전 주소로 배송이 되었습니다,faq_how_dlv_chg,faq_how_dlv_chg
1166,이사오기 전 주소지로 갔어요,faq_how_dlv_chg,faq_how_dlv_chg
1167,옛날 주소 입력해서 거기로 잘못 갔어요,faq_how_dlv_chg,faq_how_dlv_chg
1168,예전주소지로 배송완료 문자를 받았어요,faq_how_dlv_chg,faq_how_dlv_chg
1169,예전 주소지에 남아있는 상품 다시 갖고올 수 있나요,faq_how_dlv_chg,faq_how_dlv_chg
1170,예전 주소로 시켜서 잘못 간 상품 받고 싶어요,faq_how_dlv_chg,cs_sgt_exchrtgs
1171,배송지 잘못됐는데,faq_how_dlv_chg,faq_how_dlv_chg
1172,배송지 우짜노,faq_how_dlv_chg,faq_dsat_dlv_nrcv
1173,배송완료인데 우리집 주소가 아니야,faq_how_dlv_chg,faq_dsat_dlv_nrcv
1174,배송완료인데 상품이 없고 주소지가 달라요,faq_how_dlv_chg,cs_qry_ord_de
1175,다른 주소지로배달됐는데 회수하여 받을 수 있나요,faq_how_dlv_chg,faq_how_dlv_chg
1176,다른 데로 간 상품을 다시 우리집 주소로 받을 수 있어요,faq_how_dlv_chg,faq_how_dlv_chg
1177,택배사에 착지변경 접수하면 되나요,faq_how_dlv_chg,faq_how_dlv_chg
1178,착지변경하면 시간이 얼마나 걸리나요,faq_how_dlv_chg,faq_how_dlv_chg
1179,착지변경 하는 방법 알려주세요,faq_how_dlv_chg,faq_how_dlv_chg
1180,착지변경 택배비는 얼마인가요,faq_how_dlv_chg,faq_how_dlv_chg
1181,착지변경 접수하면 금액이 얼마 발생하나요,faq_how_dlv_chg,faq_how_dlv_chg
1182,착지변경 접수하고 싶은데 택배비가 별도 발생하나요,faq_how_dlv_chg,cs_sgt_exchrtgs
1183,착지변경 접수 부탁드립니다,faq_how_dlv_chg,faq_how_dlv_chg
1184,착지변경 신청해주세요,faq_how_dlv_chg,faq_how_dlv_chg
1185,착지변경 신청은 어디로 해야해요,faq_how_dlv_chg,faq_how_dlv_chg
1186,잘못 보냈는데 제가 다시 받을 수 있을까요,faq_how_dlv_chg,faq_how_dlv_chg
1187,주소지를 잘못 입력해서 혹시 상품 다시 받아볼 수 있나요,faq_how_dlv_chg,faq_how_dlv_chg
1188,주소가 예전 주소로 주문을 해서 주문취소 부탁합니다,faq_how_dlv_chg,cs_cncl
1189,배송 잘못 갔어요,faq_how_dlv_chg,faq_how_dlv_chg
1190,교환 완료 됐는데 안와서 보니까 주소가 이전 주소로 보내진 것 같은데요,faq_how_dlv_chg,faq_how_dlv_chg
1191,서울로 이사를 왔는데 주소변경을 안하고 주문을해서 이전 주소로 잘못 배송됐네요 서울 신주소로 받을 수 있는 방법이 있나요,faq_how_dlv_chg,faq_how_dlv_chg
1192,배송지를 잘못 입력해서 상품을 못 받았어요. 수거해서 다른 배송지로 다시 받을 수 있을까요,faq_how_dlv_chg,faq_how_dlv_chg
1193,주소지가 변경되었는데 예전 배송지로 물건이 배송된 것 같습니다,faq_how_dlv_chg,faq_how_dlv_chg
1194,방금 배송지를 잘못 입력했어요,faq_how_dlv_chg,faq_how_dlv_chg
1195,제품이 다른 주소지로 배달되었으니 확인해주세요,faq_how_dlv_chg,faq_how_dlv_chg
1196,다른 주소로 배송되었습니다,faq_how_dlv_chg,faq_how_dlv_chg
1197,이전 주소지로 오배송되었습니다,faq_how_dlv_chg,faq_how_dlv_chg
1198,이미 잘못된 주소로 도착했는데 어떻게 하나요,faq_how_dlv_chg,faq_how_dlv_chg
1199,송장번호가 잘못 출력했는지 다른 곳으로 배송되었네요,faq_how_dlv_chg,faq_how_dlv_chg
