,intent_name,input,result
0,배송비 이중청구 관련,배송비 두번 청구되는건 아닌거 같은데 확인해주세요,배송비 이중청구 관련
1,배송비 이중청구 관련,배송비 두번 나갔어요,배송비 이중청구 관련
2,배송비 이중청구 관련,배송비 두번 나갔는데 이거 환불해주시나요,배송비 이중청구 관련
3,배송비 이중청구 관련,배송비 두번 나간 이유가 뭐에요,배송비 이중청구 관련
4,배송비 이중청구 관련,배송비 두번 가져간 거 같은데 확인해주세요,배송비 이중청구 관련
5,배송비 이중청구 관련,배송비 동봉했는데 또 배송비가 나갔어요,배송비 이중청구 관련
6,배송비 이중청구 관련,반품한 상품에 대한 배송비가 중복으로 청구된 것 같아서 문의드립니다,배송비 이중청구 관련
7,배송비 이중청구 관련,"반품한 상품에 대한 배송비가 두 번 청구된 것 같은데, 확인 부탁드립니다",배송비 이중청구 관련
8,배송비 이중청구 관련,반품하면 제가 배송비를 두번 내야 되나요,배송비 이중청구 관련
9,배송비 이중청구 관련,반품하려는데 배송비가 이중 청구되네요,배송비 이중청구 관련
10,배송비 이중청구 관련,반품하는데 배송비를 제가 두번 부담해야되나요,배송비 이중청구 관련
11,배송비 이중청구 관련,반품하는데 배송비가 두번 나갔어요 환불가능한가요,배송비 이중청구 관련
12,배송비 이중청구 관련,반품하는데 배송비 왜 두번 내요,배송비 이중청구 관련
13,배송비 이중청구 관련,반품신청했더니 배송비가 중복청구된 것 같아요,배송비 이중청구 관련
14,배송비 이중청구 관련,반품신청했더니 배송비가 중복으로 청구된 것 같아요,배송비 이중청구 관련
15,배송비 이중청구 관련,반품신청했더니 배송비 두번 청구된거같아요,배송비 이중청구 관련
16,배송비 이중청구 관련,반품비가 이중 청구 됐어요 어떻게 된거죠,배송비 이중청구 관련
17,배송비 이중청구 관련,반품비가 두번 청구된거 같아요,배송비 이중청구 관련
18,배송비 이중청구 관련,반품비가 두번 나갔어요 어찌된 일이죠,배송비 이중청구 관련
19,배송비 이중청구 관련,반품비 이중 청구된거 환불받을 수 있나요,배송비 이중청구 관련
20,배송비 이중청구 관련,반품비 이중 청구된거 맞는지 확인 좀 해주세요 환불 받을 수 있는지도요,배송비 이중청구 관련
21,배송비 이중청구 관련,반품비 이중 청구된거 같으니 확인 좀 부탁드려요,배송비 이중청구 관련
22,배송비 이중청구 관련,반품비 이중 청구되었는데 어디에 말씀드려야 되나요,배송비 이중청구 관련
23,배송비 이중청구 관련,반품비 이중 청구됐는데 환불해주세요,배송비 이중청구 관련
24,배송비 이중청구 관련,반품비 이중 청구,배송비 이중청구 관련
25,배송비 이중청구 관련,반품비 따로 보냈어요 근데 이중으로 낸거 같아요,배송비 이중청구 관련
26,배송비 이중청구 관련,반품비 따로 보냈는데 이중 청구 된거 같아요,배송비 이중청구 관련
27,배송비 이중청구 관련,반품비 두번 청구된거 환불 부탁드립니다,배송비 이중청구 관련
28,배송비 이중청구 관련,반품비 두번 나간거 환불받으려면 어떻게 해요,배송비 이중청구 관련
29,배송비 이중청구 관련,반품비 동봉했는데 또 낸거 같아요,배송비 이중청구 관련
30,배송비 이중청구 관련,반품 신청하면 배송비를 중복으로 청구하나요,배송비 이중청구 관련
31,배송비 이중청구 관련,반품 신청하면 무조건 배송비 이중 청구되나요,배송비 이중청구 관련
32,배송비 이중청구 관련,반품 신청하니까 배송비를 두번 빼가네요,배송비 이중청구 관련
33,배송비 이중청구 관련,"반품 시 배송비가 중복으로 청구된 거 같은데, 확인 좀 부탁드립니다",배송비 이중청구 관련
34,배송비 이중청구 관련,반품 시 배송비가 두 번 청구된 것 같아서 문의드립니다,배송비 이중청구 관련
35,배송비 이중청구 관련,반품 배송비가 중복으로 청구된 것 같아서 확인 좀 부탁드립니다,배송비 이중청구 관련
36,배송비 이중청구 관련,"반품 배송비가 중복으로 청구된 거 같은데, 확인 가능할까요",배송비 이중청구 관련
37,배송비 이중청구 관련,반품 배송비가 중복으로 나간거 같아요,배송비 이중청구 관련
38,배송비 이중청구 관련,"반품 배송비가 두 번 청구된 것 같은데요, 확인 부탁드려요",배송비 이중청구 관련
39,배송비 이중청구 관련,"반품 배송비가 두 번 청구된 것 같은데, 원인을 알 수 있을까요",배송비 이중청구 관련
40,배송비 이중청구 관련,반품 배송비 확인해주세요 두번 냈어요,배송비 이중청구 관련
41,배송비 이중청구 관련,반품 배송비 중복,배송비 이중청구 관련
42,배송비 이중청구 관련,반품 배송비 이중 청구됐어요 확인 부탁드려요,배송비 이중청구 관련
43,배송비 이중청구 관련,반품 배송비 동봉했는데 차감이 또 됐네요,배송비 이중청구 관련
44,배송비 이중청구 관련,반품 배송비 동봉한거 다시 돌려주던지 환불을 해주세요,배송비 이중청구 관련
45,배송비 이중청구 관련,물품 반품 시 배송비가 두 번 청구된 것 같아 문의드립니다,배송비 이중청구 관련
46,배송비 이중청구 관련,물건을 반품했는데 배송비가 두 번 청구된 것 같아요. 확인 부탁드립니다,배송비 이중청구 관련
47,배송비 이중청구 관련,물건을 반품했는데 배송비가 두 번 청구된 것 같습니다. 확인 좀 부탁드려요,배송비 이중청구 관련
48,배송비 이중청구 관련,물건을 반품했는데 반품 배송비가 두 번 청구된 것 같아 문의드립니다,배송비 이중청구 관련
49,배송비 이중청구 관련,두 번의 배송비가 청구되어 당황스럽습니다,배송비 이중청구 관련
50,배송비 이중청구 관련,그럼 배송비를 또 제가 내는 건가요,배송비 이중청구 관련
51,주문취소 후 재결제 관련,재결제가 무슨 뜻이야,주문취소 후 재결제 관련
52,주문취소 후 재결제 관련,재결제 후에 카드 취소내역이 안뜹니다,주문/결제 취소 확인
53,주문취소 후 재결제 관련,재결제 했는데 취소 언제돼요,주문취소 후 재결제 관련
54,주문취소 후 재결제 관련,재결제 했는데 취소 문자가 안왔어요,주문/결제 취소 확인
55,주문취소 후 재결제 관련,재결제 해줘,미인도/재배송 관련
56,주문취소 후 재결제 관련,재결제 할 수 있나요,주문취소 후 재결제 관련
57,주문취소 후 재결제 관련,재결제 하면 취소시간이 다른가요,주문취소 후 재결제 관련
58,주문취소 후 재결제 관련,재결제 하려고 합니다,주문취소 후 재결제 관련
59,주문취소 후 재결제 관련,재결제 하려고 하는데요,주문취소 후 재결제 관련
60,주문취소 후 재결제 관련,재결제 하려고,주문취소 후 재결제 관련
61,주문취소 후 재결제 관련,재결제 하는 방법,주문취소 후 재결제 관련
62,주문취소 후 재결제 관련,재결제 하기,주문취소 후 재결제 관련
63,주문취소 후 재결제 관련,재결제 취소는 언제쯤 되나요,주문/결제 취소 확인
64,주문취소 후 재결제 관련,재결제 취소 얼마나 걸려,주문/결제 취소 확인
65,주문취소 후 재결제 관련,재결제 진행하는 거 알려줄래,주문취소 후 재결제 관련
66,주문취소 후 재결제 관련,재결제 진행하고싶습니다,주문취소 후 재결제 관련
67,주문취소 후 재결제 관련,재결제 진행을 하려고 합니다,주문취소 후 재결제 관련
68,주문취소 후 재결제 관련,재결제 진행은 어떻게 해,주문취소 후 재결제 관련
69,주문취소 후 재결제 관련,재결제 진행은 어떻게 하나요,주문취소 후 재결제 관련
70,주문취소 후 재결제 관련,재결제 진행 좀 도와줘,주문취소 후 재결제 관련
71,주문취소 후 재결제 관련,재결제 의미,주문취소 후 재결제 관련
72,주문취소 후 재결제 관련,재결제 요청합니다,주문취소 후 재결제 관련
73,주문취소 후 재결제 관련,재결제 요청드려요,주문취소 후 재결제 관련
74,주문취소 후 재결제 관련,재결제 어려운데,주문취소 후 재결제 관련
75,주문취소 후 재결제 관련,재결제 어떻게 해,주문취소 후 재결제 관련
76,주문취소 후 재결제 관련,재결제 알려줘,주문취소 후 재결제 관련
77,주문취소 후 재결제 관련,재결제 도와주세요,주문취소 후 재결제 관련
78,주문취소 후 재결제 관련,재결제,주문취소 후 재결제 관련
79,주문취소 후 재결제 관련,왜 환불 처리가 재결제를 해야하나요,환불/취소 문의
80,주문취소 후 재결제 관련,왜 환불 처리가 재결제를 해야 하나요,환불/취소 문의
81,주문취소 후 재결제 관련,왜 중복으로 결제하라고해,환불/취소 문의
82,주문취소 후 재결제 관련,왜 돈만 두번 받으려고해,환불/취소 문의
83,주문취소 후 재결제 관련,왜 다시 결제해야하나요,주문취소 후 재결제 관련
84,주문취소 후 재결제 관련,왜 내 돈 두번 가져가,배송비 이중청구 관련
85,주문취소 후 재결제 관련,왜 결제 두번이나해,배송비 이중청구 관련
86,주문취소 후 재결제 관련,부분취소환불이요,주문취소 후 재결제 관련
87,주문취소 후 재결제 관련,부분취소처리 알고싶어요,주문취소 후 재결제 관련
88,주문취소 후 재결제 관련,다시 결제하라는데요,주문취소 후 재결제 관련
89,주문취소 후 재결제 관련,다시 결제하라고 합니다 어떻게 해야하나요,주문취소 후 재결제 관련
90,주문취소 후 재결제 관련,다시 결제하라고 나옵니다,주문취소 후 재결제 관련
91,주문취소 후 재결제 관련,다시 결제 할래,주문취소 후 재결제 관련
92,주문취소 후 재결제 관련,다시 결제 하라는데 뭐죠,주문취소 후 재결제 관련
93,주문취소 후 재결제 관련,다시 결제 하라고 하는데 뭔가요,주문취소 후 재결제 관련
94,주문취소 후 재결제 관련,다시 결제 왜 해야하는거죠,주문취소 후 재결제 관련
95,주문취소 후 재결제 관련,결제만 두번됐어요,주문취소 후 재결제 관련
96,주문취소 후 재결제 관련,결제 왜 두번이나 해,배송비 이중청구 관련
97,상품 교환/반품 관련,모바일 교환권 교환,상품 교환/반품 관련
98,상품 교환/반품 관련,맞교환은 안되는가요 언제쯤 받을수있는지 알고싶습니다.,배송 가능 시간 문의
99,상품 교환/반품 관련,맞교환 가능한지요,배송지 변경 문의
100,상품 교환/반품 관련,다른 주문건 반품,배송 가능 시간 문의
101,상품 교환/반품 관련,구매확정을 했는데 반품 되나요,구매확정/배송완료 관련
102,상품 교환/반품 관련,구매확정 한거 교환되는지 확인 좀 해주세요,배송지연/조회 관련
103,상품 교환/반품 관련,구매확정 한거 교환되나요,구매확정/배송완료 관련
104,상품 교환/반품 관련,교환할때는 배송비 무료인거죠,배송비 이중청구 관련
105,상품 교환/반품 관련,교환하고 싶은데요,상품 교환/반품 관련
106,상품 교환/반품 관련,교환하고 싶어,상품 교환/반품 관련
107,상품 교환/반품 관련,교환지연이 오래 걸리나 봅니다,회수/수거 지연 문의
108,상품 교환/반품 관련,교환상품 배송조회 할래,상품 교환/반품 관련
109,상품 교환/반품 관련,교환상품 배송조회 할게요,상품 교환/반품 관련
110,상품 교환/반품 관련,교환비용 얼마인지 알려줘,배송지연/조회 관련
111,상품 교환/반품 관련,교환비 카드 결제 되나요,주문/결제 취소 확인
112,상품 교환/반품 관련,교환문의드려요,미수령/미배송 문의
113,상품 교환/반품 관련,교환될까요,배송지연/조회 관련
114,상품 교환/반품 관련,교환/반품비 얼마인가요,상품 교환/반품 관련
115,상품 교환/반품 관련,교환 접수해줄래,상품 교환/반품 관련
116,상품 교환/반품 관련,교환 접수해주세요,상품 교환/반품 관련
117,상품 교환/반품 관련,교환 요청건 처리가 어떻게 되고 있는지 알려주세요,상품 교환/반품 관련
118,상품 교환/반품 관련,교환 요청건 처리 어떻게 되고 있나요,상품 교환/반품 관련
119,상품 교환/반품 관련,교환 신청했는데 무료인가요,주문/반품/교환 취소 철회
120,상품 교환/반품 관련,교환 신청하는 방법,상품 교환/반품 관련
121,상품 교환/반품 관련,교환 신청 후 과정 알려주세요,상품 교환/반품 관련
122,상품 교환/반품 관련,교환 신청 시 배송비 추가로 내야하나요,배송 문제 및 오배송 문의
123,상품 교환/반품 관련,가까운 매장에서 교환할 수 있을까요,상품 교환/반품 관련
124,상품 교환/반품 관련,교환 신청한 거 따로 택배 부쳐야 하나요,상품 교환/반품 관련
125,상품 교환/반품 관련,제가 알고 있는 반품비랑 달라요,배송비 이중청구 관련
126,상품 교환/반품 관련,반품접수했더니 택배비가 부과되는데 입금을 따로해야하나요,배송비 이중청구 관련
127,상품 교환/반품 관련,반품접수했는데 반품배송비는 따로 결제하나요,배송비 이중청구 관련
128,상품 교환/반품 관련,반품비 결제 카드로만 해야하나요,배송비 이중청구 관련
129,상품 교환/반품 관련,"반품배송비는 따로 결제해야하나요, 아님 환불금액에서 빼고 주시나요",배송비 이중청구 관련
130,상품 교환/반품 관련,반품 신청했는데 택배비 문의,배송비 이중청구 관련
131,상품 교환/반품 관련,반품 신청했는데 무료인가요,주문/반품/교환 취소 철회
132,상품 교환/반품 관련,반품 결제비가 뭐에요,배송비 이중청구 관련
133,상품 교환/반품 관련,반품 결제비가 나왔어요,배송비 이중청구 관련
134,상품 교환/반품 관련,반품 결제비 내야돼요,배송비 이중청구 관련
135,상품 교환/반품 관련,물건 하자로 반품 신청했는데 반품비가 왜 있죠,배송비 이중청구 관련
136,배송 가능 시간 문의,당일 발송을 희망한다면 몇 시까지 주문하면 되나요,배송 가능 시간 문의
137,배송 가능 시간 문의,당일 발송을 위한 주문 마감 시간은 몇 시인가요,배송 가능 시간 문의
138,배송 가능 시간 문의,"당일 발송을 원할 때, 주문 가능한 시간대는 어떻게 되나요",배송 가능 시간 문의
139,배송 가능 시간 문의,당일 발송을 원한다면 몇 시까지 주문해야 하나요,배송 가능 시간 문의
140,배송 가능 시간 문의,당일 발송을 원하면 몇 시까지 주문해야 하는지 궁금합니다,배송 가능 시간 문의
141,배송 가능 시간 문의,당일 발송을 원하면 몇 시까지 주문하면 되는 건가요,배송 가능 시간 문의
142,배송 가능 시간 문의,당일 발송되는 시간을 확인할 수 있는 곳이 어딘지 알려주세요,배송 가능 시간 문의
143,배송 가능 시간 문의,당일 발송 시간이 남아있나요,배송 가능 시간 문의
144,배송 가능 시간 문의,당일 발송 시간은 어디서 확인할 수 있나요,배송 가능 시간 문의
145,배송 가능 시간 문의,당일 발송 시간은 어디서 확인하나요,배송 가능 시간 문의
146,배송 가능 시간 문의,당일 발송 마감 시간이 어떻게 되나요,배송 가능 시간 문의
147,배송 가능 시간 문의,당일 발송 가능한 주문 시간은 어느 시간까지인지 알려주세요,배송 가능 시간 문의
148,배송 가능 시간 문의,당일 발송 가능한 일정 알려주세요,배송 가능 시간 문의
149,배송 가능 시간 문의,당일 발송 가능한 시간대를 어떻게 확인할 수 있을까요,배송 가능 시간 문의
150,배송 가능 시간 문의,당일 발송 가능한 시간대를 알고 싶은데 어디서 확인할 수 있나요,배송 가능 시간 문의
151,배송 가능 시간 문의,당일 발송 가능한 배송 시간 알려주세요,배송 가능 시간 문의
152,배송 가능 시간 문의,3시까지 주문하면 오늘 발송되는거 맞나요,배송 가능 시간 문의
153,배송 가능 시간 문의,배송정보 미제공이 뭐에요,배송지연/조회 관련
154,배송 가능 시간 문의,배송정보 미제공이 뭐야,배송지연/조회 관련
155,배송 가능 시간 문의,배송 지연 이유를 알고 싶습니다,배송비 이중청구 관련
156,배송 가능 시간 문의,배송 왜 지연된건가요,회수/수거 지연 문의
157,배송 가능 시간 문의,배송 어디까지 왔어,배송지연/조회 관련
158,배송 가능 시간 문의,배송 알려줘,배송 문제 및 오배송 문의
159,배송 가능 시간 문의,배송 안내해줘,주문/서비스 취소 요청
160,배송 가능 시간 문의,배송 상황 알려줘,회수/수거 문의
161,배송 가능 시간 문의,배송 내역 조회해줘,"주문 내역 조회, 구매 이력 확인 등 주문/배송 조회 관련"
162,배송 가능 시간 문의,배송 날짜 확인은 어디서 하나요,배송방법(픽업/배송) 변경
163,배송 가능 시간 문의,배송 궁금해,배송지연/조회 관련
164,배송 가능 시간 문의,발송일정 부탁드려요,배송 가능 시간 문의
165,배송 가능 시간 문의,발송약정일 안에는 오는 게 맞나요,배송지연/조회 관련
166,배송 가능 시간 문의,롯데온 배송비,배송비 이중청구 관련
167,배송 가능 시간 문의,도착 일정 자세하게 안내해주세요,상품 하자 및 품질 불량 문의
168,배송 가능 시간 문의,내 택배 어디까지 왔어,배송지연/조회 관련
169,배송 가능 시간 문의,내 택배 어디까지 와 있어,배송지연/조회 관련
170,배송 가능 시간 문의,내 택배 송장 조회 해줘,배송지연/조회 관련
171,배송 가능 시간 문의,내 택배 상태 알려줘,배송 문제 및 오배송 문의
172,배송 가능 시간 문의,내 택배 배송상태 어디서 봐,"주문 내역 조회, 구매 이력 확인 등 주문/배송 조회 관련"
173,배송 가능 시간 문의,내 배달 정보 알려줘,배송지연/조회 관련
174,배송 가능 시간 문의,금일내로 갖다주세요.,배송 문제 및 오배송 문의
175,배송 가능 시간 문의,구매제품 배송,배송 문제 및 오배송 문의
176,배송 가능 시간 문의,지금 주문했을 때 선택가능한 배송시간이 언제인지 알 수 있나요,배송 가능 시간 문의
177,배송 가능 시간 문의,주문을 언제까지 해야 오늘 발송이 되나요,배송 가능 시간 문의
178,배송 가능 시간 문의,주문을 언제까지 하면 오늘 발송이 되는지 확인하고 싶어요,배송 가능 시간 문의
179,배송 가능 시간 문의,주문을 언제까지 하면 오늘 발송이 가능한가요,배송 가능 시간 문의
180,배송 가능 시간 문의,제 근처 마트에서 배송 가능한 시간이 언제인지 알고 싶어요,배송 가능 시간 문의
181,배송 가능 시간 문의,오늘 출고를 위한 주문 마감 시간은 언제인가요,배송 가능 시간 문의
182,배송 가능 시간 문의,오늘 주문한 건이 당일 발송되려면 언제까지 주문해야 하나요,배송 가능 시간 문의
183,배송 가능 시간 문의,오늘 선택가능한 배송시간대가 언제인가요,배송 가능 시간 문의
184,배송 가능 시간 문의,오늘 선택 가능한 배송시간대가 언제인지 알려주세요,배송 가능 시간 문의
185,배송 가능 시간 문의,오늘 발송을 위한 주문 시간은 언제까지인가요,배송 가능 시간 문의
186,배송 가능 시간 문의,오늘 발송을 원한다면 언제까지 주문해야 하나요,배송 가능 시간 문의
187,배송 가능 시간 문의,오늘 발송되려면 언제 주문을 해야하는지 알고 싶은데요,배송 가능 시간 문의
188,배송 가능 시간 문의,오늘 발송 가능한 시간 언제인지 조회할래요,배송 가능 시간 문의
189,배송 가능 시간 문의,당일 출고를 위해서는 언제까지 주문을 해야 하나요,배송 가능 시간 문의
190,배송 가능 시간 문의,당일 출고되는 주문을 위한 마감 시간이 언제인가요,배송 가능 시간 문의
191,배송 가능 시간 문의,"당일 배송 출발했으면 하는데요, 언제까지 주문하면 될까요",배송 가능 시간 문의
192,배송 가능 시간 문의,당일 발송되는 마감 시간이 언제인가요,배송 가능 시간 문의
193,배송 가능 시간 문의,당일 발송 주문은 언제 마감되나요,배송 가능 시간 문의
194,배송 가능 시간 문의,당일 발송 됐으면 하는데 언제까지 주문하면 될까요,배송 가능 시간 문의
195,배송 가능 시간 문의,당일 발송 가능한 시간이 언제인지 확인하고 싶어요,배송 가능 시간 문의
196,배송 가능 시간 문의,내일 필요해서 오늘 출발했으면 좋겠는데 언제까지 주문하면 될까요,배송 가능 시간 문의
197,미수령/미배송 문의,미수령신고 건,미수령/미배송 문의
198,미수령/미배송 문의,미수령 확인해줘,미수령/미배송 문의
199,미수령/미배송 문의,미수령 현황,미수령/미배송 문의
200,미수령/미배송 문의,미수령 접수 후 갑자기 배송 완료 메시지를 받았습니다,미수령/미배송 문의
201,미수령/미배송 문의,미수령 신고후 조치가 이뤄지지 않고 있습니다,미수령/미배송 문의
202,미수령/미배송 문의,"미수령 신고했는데, 답변이 없네요",미수령/미배송 문의
203,미수령/미배송 문의,미수령 신고했는데 혹시 확인됐나요,미수령/미배송 문의
204,미수령/미배송 문의,미수령 신고했는데 해결이 안돼요 다시 접수해야 하나요,미수령/미배송 문의
205,미수령/미배송 문의,미수령 신고했는데 어떻게 진행되고 있는지 어디서 확인하나요,미수령/미배송 문의
206,미수령/미배송 문의,미수령 신고했는데 뭐 연락도 없고 이게 뭡니까,미수령/미배송 문의
207,미수령/미배송 문의,미수령 신고했고 현황 알려주시기 바랍니다,미수령/미배송 문의
208,미수령/미배송 문의,미수령 신고한거 진행상황 좀 보여주세요,미수령/미배송 문의
209,미수령/미배송 문의,미수령 신고한거 왜 연락없죠 언제 처리되나요,미수령/미배송 문의
210,미수령/미배송 문의,미수령 신고한 제품이 오지 않았습니다,미수령/미배송 문의
211,미수령/미배송 문의,미수령 신고한 상품 어떻게 됐어요,미수령/미배송 문의
212,미수령/미배송 문의,미수령 신고한 상태이며 환불 처리 하려고 합니다,미수령/미배송 문의
213,미수령/미배송 문의,미수령 신고한 거 확인하고 싶은데 어떻게 보죠,미수령/미배송 문의
214,미수령/미배송 문의,미수령 신고한 거 확인하고 싶으면 어디로 가,미수령/미배송 문의
215,미수령/미배송 문의,미수령 신고한 거 진행이 어떻게 되고 있나요,미수령/미배송 문의
216,미수령/미배송 문의,미수령 신고한 거 조치 어떻게 되고 있나요,미수령/미배송 문의
217,미수령/미배송 문의,미수령 신고한 거 잘 진행되는지 확인 좀 부탁드려요,미수령/미배송 문의
218,미수령/미배송 문의,미수령 신고한 거 잘 진행되고 있죠,미수령/미배송 문의
219,미수령/미배송 문의,미수령 신고하였는데 잘 처리 되었는지 확인 요청드립니다,미수령/미배송 문의
220,미수령/미배송 문의,미수령 신고하면 현황은 어디서 확인하나요,미수령/미배송 문의
221,미수령/미배송 문의,미수령 신고하면 끝인가요,미수령/미배송 문의
222,미수령/미배송 문의,미수령 신고접수 했는데 확인되었을까요,미수령/미배송 문의
223,미수령/미배송 문의,미수령 신고며 문의도 다 했는데 답변이 없어요,미수령/미배송 문의
224,미수령/미배송 문의,미수령 신고도 했고 고객센터는 통화연결이 안되고 1대1 문의도 남겼는데 답변이 없어 답답하네요,미수령/미배송 문의
225,미수령/미배송 문의,미수령 신고도 했고 1대1 문의도 남겼는데,미수령/미배송 문의
226,미수령/미배송 문의,미수령 신고까지 했는데 이렇다 할 말이 없네요,미수령/미배송 문의
227,미수령/미배송 문의,미수령 신고 후는 어떻게 처리돼,미수령/미배송 문의
228,미수령/미배송 문의,미수령 신고 후 진행,미수령/미배송 문의
229,미수령/미배송 문의,미수령 신고 후 어떻게 진행돼,미수령/미배송 문의
230,미수령/미배송 문의,미수령 신고 후,미수령/미배송 문의
231,미수령/미배송 문의,미수령 신고 확인해주세요,미수령/미배송 문의
232,미수령/미배송 문의,미수령 신고 확인 후 처리 바랍니다,미수령/미배송 문의
233,미수령/미배송 문의,미수령 신고 현황 조회는 어떻게 해,미수령/미배송 문의
234,미수령/미배송 문의,미수령 신고 현황,미수령/미배송 문의
235,미수령/미배송 문의,미수령 신고 했어요 다음 절차 안내해주세요',미수령/미배송 문의
236,미수령/미배송 문의,미수령 신고 했어요,미수령/미배송 문의
237,미수령/미배송 문의,미수령 신고 했는데요,미수령/미배송 문의
238,미수령/미배송 문의,"미수령 신고 했는데, 이제 어떻게 해?",미수령/미배송 문의
239,미수령/미배송 문의,미수령 신고 했는데 답이 없어,미수령/미배송 문의
240,미수령/미배송 문의,미수령 신고 했는데 내역 확인이 안돼요,미수령/미배송 문의
241,미수령/미배송 문의,미수령 신고 했는데 그냥 기다리면 되나요,미수령/미배송 문의
242,미수령/미배송 문의,미수령 신고 했고 아직 안오고 있다구요,미수령/미배송 문의
243,미수령/미배송 문의,미수령 신고 지금 어떻게 진행되는지 보고 싶은데요,미수령/미배송 문의
244,미수령/미배송 문의,미수령 신고 지금 어떻게 진행되고 있나요,미수령/미배송 문의
245,미수령/미배송 문의,미수령 신고 조회하는 방법,미수령/미배송 문의
246,미수령/미배송 문의,미수령 신고 조회 방법,미수령/미배송 문의
247,미수령/미배송 문의,미수령 신고 조회,미수령/미배송 문의
248,미수령/미배송 문의,미수령 신고 접수했는데 한참동안 말이 없어요,미수령/미배송 문의
249,미수령/미배송 문의,미수령 신고 접수 했어,미수령/미배송 문의
250,미수령/미배송 문의,미수령 신고 접수 관련 질문 있어요,미수령/미배송 문의
251,미수령/미배송 문의,미수령 신고 재접수,미수령/미배송 문의
252,미수령/미배송 문의,미수령 신고 이후에는 어떻게 해,미수령/미배송 문의
253,미수령/미배송 문의,미수령 신고 방금 했습니다,미수령/미배송 문의
254,미수령/미배송 문의,미수령 신고 뭐 어떻게 되고 있는건가요,미수령/미배송 문의
255,미수령/미배송 문의,미수령 신고 도대체 언제 처리됩니까,미수령/미배송 문의
256,미수령/미배송 문의,미수령 신고 다음 처리 과정이 어떻게 되는지 알고 싶어,미수령/미배송 문의
257,미수령/미배송 문의,미수령 신고 다 했는데 답변이 없네요,미수령/미배송 문의
258,미수령/미배송 문의,미수령 신고 내역,미수령/미배송 문의
259,미수령/미배송 문의,미수령 신고 관련해서 답변이 없으면 어떻게 해요,미수령/미배송 문의
260,미수령/미배송 문의,미수령 신고 건 현황 확인해주세요,미수령/미배송 문의
261,미수령/미배송 문의,미수령 신고 건 언제 처리되는지 알려주세요,미수령/미배송 문의
262,미수령/미배송 문의,미수령 신고 건 언제 처리되나요,미수령/미배송 문의
263,미수령/미배송 문의,"미수령 상황을 신고했는데, 다음 절차를 알려주세요",미수령/미배송 문의
264,미수령/미배송 문의,"미수령 상황을 신고했는데, 다음 단계가 무엇인지 궁금합니다",미수령/미배송 문의
265,미수령/미배송 문의,미수령 상품 신고했는데 연락이 없어서요 어떻게 되고 있나요,미수령/미배송 문의
266,미수령/미배송 문의,미수령 상품 신고하면 기다리기만 하면 될까요,미수령/미배송 문의
267,미수령/미배송 문의,미수령 상품 신고 후에 제가 해야 될 건 없나요,미수령/미배송 문의
268,미수령/미배송 문의,미수령 상품 신고,미수령/미배송 문의
269,미수령/미배송 문의,미수령 문의 했는데 왠 엉뚱한 답변이 오나요,상품 하자 및 품질 불량 문의
270,미수령/미배송 문의,미수령 건 확인 부탁드립니다,미수령/미배송 문의
271,미수령/미배송 문의,미배송 신고했는데 처리는 어떻게 되는 거죠,미수령/미배송 문의
272,미수령/미배송 문의,"못 받은 배송 물품 신고했는데, 이제 어떡해요",미수령/미배송 문의
273,미수령/미배송 문의,1:1 문의 넣기도 하고 미수령 신고도 했는데 답변없어 연락드립니다,미수령/미배송 문의
274,미수령/미배송 문의,택배가 안왔어요,회수/수거 지연 문의
275,미수령/미배송 문의,택배가 안왔습니다,배송 문제 및 오배송 문의
276,미수령/미배송 문의,택배가 안 왔어요,회수/수거 지연 문의
277,미수령/미배송 문의,택배가 아직 안왔어요,회수/수거 지연 문의
278,미수령/미배송 문의,택배가 도착하지 않았는데 수령 했다는 알람이 떠요,미수령/미배송 문의
279,미수령/미배송 문의,상품이도착안했는데 배송완료라고 뜹니다,미수령/미배송 문의
280,미수령/미배송 문의,상품이 안왔습니다,배송 문제 및 오배송 문의
281,미수령/미배송 문의,상품이 배송되지 않았어요,상품 교환/반품 관련
282,미수령/미배송 문의,상품이 도착하지 않았어요,상품 하자 및 품질 불량 문의
283,미수령/미배송 문의,2개가 안왔어요,미수령/미배송 문의
284,배송지연/조회 관련,왜 배송이 늦어지는지 이유를 알고 싶어요 품절이라면 빨리 취소하고 다시 주문해야하니 빨리 알려주세요,배송지연/조회 관련
285,배송지연/조회 관련,왜 발송 안 하심,회수/수거 지연 문의
286,배송지연/조회 관련,옷이 안오네요,배송 문제 및 오배송 문의
287,배송지연/조회 관련,얼마나 발송지연되나요,회수/수거 지연 문의
288,배송지연/조회 관련,어떤 이유로 건강깔창을 안 보내고 있나요,미수령/미배송 문의
289,배송지연/조회 관련,아직 받지도 못하고 환불도 안되고,환불/취소 문의
290,배송지연/조회 관련,아니 왜 배송을 안해요,주문/반품/교환 취소 철회
291,배송지연/조회 관련,상품이 왜 이렇게 늦게 오는 건가요,배송 문제 및 오배송 문의
292,배송지연/조회 관련,상품의 배송이 왜 지연되고 있는지 궁금합니다,회수/수거 지연 문의
293,배송지연/조회 관련,상품의 배송이 왜 이렇게 늦고 있는지 이유를 알고 싶습니다,해외직구/통관 절차 문의
294,배송지연/조회 관련,상품 출고가 안되는데,배송지연/조회 관련
295,배송지연/조회 관련,배송지연이 너무 오래걸립니다,배송지연/조회 관련
296,배송지연/조회 관련,배송지연된다고 연락이 왔는데 배송이 얼마나 늦어지는지 궁금합니다,배송 문제 및 오배송 문의
297,배송지연/조회 관련,배송지연 한달,배송지연/조회 관련
298,배송지연/조회 관련,배송지연 이유,배송지연/조회 관련
299,배송지연/조회 관련,배송지연 연락이 오고 나선 아무 연락이 없습니다 마냥 기다리기만 하기엔 답답하네요,배송 문제 및 오배송 문의
300,배송지연/조회 관련,배송지연 사유,배송지연/조회 관련
301,배송지연/조회 관련,배송지연 너무 오래되는거 아닙니까,배송지연/조회 관련
302,배송지연/조회 관련,배송이 진짜 느리네,해외직구/통관 절차 문의
303,배송지연/조회 관련,배송이 지연되어서 짜증나네요,배송방법(픽업/배송) 변경
304,배송지연/조회 관련,"배송이 이렇게 늦어지는데, 그 원인을 알고 싶어요",배송지연/조회 관련
305,배송지연/조회 관련,배송이 왜 이렇게 지연되고 있는지 정확한 이유를 알려주세요,배송지연/조회 관련
306,배송지연/조회 관련,배송이 예정된 시간보다 왜 더 오래 걸리고 있는 건가요,배송지연/조회 관련
307,배송지연/조회 관련,배송이 안와,미수령/미배송 문의
308,배송지연/조회 관련,배송이 안옴,미수령/미배송 문의
309,배송지연/조회 관련,배송이 안되고 있습니다,미수령/미배송 문의
310,배송지연/조회 관련,배송이 말도 안되게 늦네요,해외직구/통관 절차 문의
311,배송지연/조회 관련,배송이 늦어지는 이유가 뭐죠,배송지연/조회 관련
312,배송지연/조회 관련,"배송이 느리네, 택배비도 별도인데",배송지연/조회 관련
313,배송지연/조회 관련,배송이 느리네,해외직구/통관 절차 문의
314,배송지연/조회 관련,배송이 느려도 너무 느려요,해외직구/통관 절차 문의
315,배송지연/조회 관련,배송이 너무 지연되네요,회수/수거 지연 문의
316,배송지연/조회 관련,배송이 너무 안되고 있어요,배송 문제 및 오배송 문의
317,배송지연/조회 관련,배송이 너무 늦어지는 듯 한데,배송지연/조회 관련
318,배송지연/조회 관련,"배송이 너무 느립니다, 무슨 문제가 있는지요",배송 문제 및 오배송 문의
319,배송지연/조회 관련,배송이 너무 느리시네요 요즘 세상에 뭐이리 늦어요,배송지연/조회 관련
320,배송지연/조회 관련,배송이 너무 느려,배송 문제 및 오배송 문의
321,배송지연/조회 관련,배송은 안오고,배송 문제 및 오배송 문의
322,배송지연/조회 관련,배송 지연에 대해 어떤 문제가 발생했는지 이유를 알 수 있을까요,배송지연/조회 관련
323,배송지연/조회 관련,배송 지연 안내 받았는데,배송지연/조회 관련
324,배송지연/조회 관련,배송 왜 안해요 대체,주문/반품/교환 취소 철회
325,배송지연/조회 관련,배송 도대체 언제하는거에요,주문취소 후 재결제 관련
326,배송지연/조회 관련,발송해주세요,배송 가능 시간 문의
327,배송지연/조회 관련,발송한다는 메시지가 온지 2일이 지났는데 아무 연락이 없습니다,배송 문제 및 오배송 문의
328,배송지연/조회 관련,"발송지연인가요, 품절인가요",배송지연/조회 관련
329,배송지연/조회 관련,발송지연이 언제까지 되는것인지요,회수/수거 지연 문의
330,배송지연/조회 관련,발송지연이 뭔가요,배송지연/조회 관련
331,배송지연/조회 관련,발송지연은 왜 되는거야,배송지연/조회 관련
332,배송지연/조회 관련,발송지연에 대해 알아보고 연락준다더니 왜 연락이 없나요,배송지연/조회 관련
333,배송지연/조회 관련,발송지연 조회,배송지연/조회 관련
334,배송지연/조회 관련,발송지연 알아봐주신다고 하셨는데 연락이 안 오네요,배송지연/조회 관련
335,배송지연/조회 관련,발송지연 상품이 배송이 되긴 하는 건지 문의드립니다,회수/수거 지연 문의
336,배송지연/조회 관련,발송지연 된 상품 확인,배송지연/조회 관련
337,배송지연/조회 관련,발송지연,회수/수거 지연 문의
338,배송지연/조회 관련,발송이 오래 걸리네요,배송지연/조회 관련
339,배송지연/조회 관련,발송이 너무 안되고 있어요,배송 가능 시간 문의
340,배송지연/조회 관련,발송불가는 왜 되는거야,주문/서비스 취소 요청
341,배송지연/조회 관련,발송불가가 뭐지요,주문/서비스 취소 요청
342,배송지연/조회 관련,발송불가 조회,주문/서비스 취소 요청
343,배송지연/조회 관련,발송불가,주문/서비스 취소 요청
344,배송지연/조회 관련,발송 지연,배송지연/조회 관련
345,배송지연/조회 관련,"발송 일정이 확인이 계속 안되고, 배송이 너무 지연되고 있어요",배송지연/조회 관련
346,배송지연/조회 관련,발송 안 하나요,배송 가능 시간 문의
347,배송지연/조회 관련,발송 불가,주문/서비스 취소 요청
348,배송지연/조회 관련,발송 밀린 상품 확인,배송 가능 시간 문의
349,배송지연/조회 관련,발송 밀린 상품,주문/서비스 취소 요청
350,배송지연/조회 관련,발송 늦춰진 상품,주문/서비스 취소 요청
351,배송지연/조회 관련,물건이 안오고 있음,미수령/미배송 문의
352,배송지연/조회 관련,물건 주문한지 꽤 됐는데 배송이 안되네요,배송지연/조회 관련
353,배송지연/조회 관련,문자로 배송 지연된다고 연락왔는데 기다릴게요,배송 문제 및 오배송 문의
354,배송지연/조회 관련,문의 답변도 없고 상품 출고도 안되고 장난하세요,미수령/미배송 문의
355,배송지연/조회 관련,마트 배송이 너무 늦어요,배송지연/조회 관련
356,배송지연/조회 관련,롯데온에 시킨 상품은 배송지연이 많나요,배송지연/조회 관련
357,배송지연/조회 관련,도대체 언제 오는지 배송은 시작도 안하고 뭐죠,배송 문제 및 오배송 문의
358,배송지연/조회 관련,다른 쇼핑앱에는 재고가 있던데 제품수급이 한참 걸리는게 이해가 안되네요,배송지연/조회 관련
359,배송지연/조회 관련,늦게도 오네요,배송지연/조회 관련
360,배송지연/조회 관련,국내배송을 이주 롯데온 정말 미친거 아니야,배송 문제 및 오배송 문의
361,배송지연/조회 관련,8일째 제품이 언제 발송될지도 모르는 상황인데 확인좀해주세요. 이러다 주말 또 지나면 주문한지 2주가 돼요,배송지연/조회 관련
362,배송지연/조회 관련,17일 주문 건인데 아직 오지도 않고,배송지연/조회 관련
363,다중배송 관련,여러 곳으로 배송할 때 추가 비용이 발생하는지 궁금합니다,다중배송 관련
364,다중배송 관련,여러 곳으로 배송하는 방법이 있나요,다중배송 관련
365,다중배송 관련,여러 곳으로 배송하는 건 가능한가요,다중배송 관련
366,다중배송 관련,여러 곳으로 배송지 등록하는 방법,다중배송 관련
367,다중배송 관련,여러 곳으로 배송이 가능한지 확인하고 싶어요,다중배송 관련
368,다중배송 관련,여러 곳으로 배송시킬려면 명절 장바구니 이용하면 되나요,다중배송 관련
369,다중배송 관련,여러 곳으로 배송시 추가 비용이 발생하는지 궁금합니다,다중배송 관련
370,다중배송 관련,여러 곳으로 배송될 수 있게 다중 배송지를 등록하는 것이 가능한지 알려주세요,다중배송 관련
371,다중배송 관련,여러 곳으로 배송 시키고 싶어요 가능한지 확인해주세요,다중배송 관련
372,다중배송 관련,여러 곳으로 배송 보내고 싶은데 기능이 있을까요,다중배송 관련
373,다중배송 관련,여러 곳으로 동시에 상품을 배송할 수 있는 옵션이 있나요,다중배송 관련
374,다중배송 관련,여러 곳으로 동시에 배송이 가능한지 알고 싶어요,다중배송 관련
375,다중배송 관련,여러 곳에 한번에 배송시켜야 하는데 가능한가요,다중배송 관련
376,다중배송 관련,여러 곳에 상품을 보내려면 어떻게 해야 하나요,다중배송 관련
377,다중배송 관련,여러 곳에 상품을 배송하는 것이 가능한가요,다중배송 관련
378,다중배송 관련,여러 곳에 배송지를 등록할 수 있는 옵션이 있나요,다중배송 관련
379,다중배송 관련,여러 곳에 배송지를 등록하는 것이 가능한지 궁금합니다,다중배송 관련
380,다중배송 관련,여러 곳에 동시에 배송해주실 수 있나요,다중배송 관련
381,다중배송 관련,여러 곳에 동시에 배송할 수 있는지 궁금합니다,다중배송 관련
382,다중배송 관련,설날 선물세트 여러 곳에 배송보내고 싶어요,다중배송 관련
383,다중배송 관련,설날 선물 여러 곳에 배송시키고 싶은데 안내해주세요,다중배송 관련
384,다중배송 관련,설 선물 여러 곳에 배송시키고 싶어요,다중배송 관련
385,다중배송 관련,선물 세트 여러 곳으로 배송하고 싶으면 어떻게 하나요,다중배송 관련
386,다중배송 관련,선물 세트 여러 곳에 한번에 배송할 수는 없나요,다중배송 관련
387,다중배송 관련,선물 세트 여러 곳에 배송하고 싶은데요 명절 장바구니 이용하면 되나요,다중배송 관련
388,다중배송 관련,선물 세트 여러 곳에 배송시키고 싶은데 가능한가요,다중배송 관련
389,다중배송 관련,분리 배송,배송 문제 및 오배송 문의
390,다중배송 관련,배송지를 여러 군데로 등록하는 것이 가능한가요,다중배송 관련
391,다중배송 관련,배송지를 여러 곳으로 등록 가능한가요,다중배송 관련
392,다중배송 관련,배송지를 여러 곳 설정할 수 있나요,다중배송 관련
393,다중배송 관련,배송지를 여러 개 등록해서 다중 배송하는 서비스는 없나요,다중배송 관련
394,다중배송 관련,배송지를 여러 개 등록할 수 있는 옵션에 대해 궁금합니다,다중배송 관련
395,다중배송 관련,배송지를 여러 개 등록하고 싶어요,다중배송 관련
396,다중배송 관련,배송지를 다중으로 입력하고 싶어요,배송 문제 및 오배송 문의
397,다중배송 관련,배송지 여러곳,다중배송 관련
398,다중배송 관련,배송을 여러 곳으로도 보낼 수 있나요,다중배송 관련
399,다중배송 관련,배송 여러 군데로 보내기,다중배송 관련
400,다중배송 관련,배송 여러 곳으로 보내기,다중배송 관련
401,다중배송 관련,명절 장바구니에 담으면 다중 배송이 가능한가요,다중배송 관련
402,다중배송 관련,명절 장바구니가 뭐에요,주문 취소 사유 문의
403,다중배송 관련,명절 장바구니 어떻게 이용하는 거에요,다중배송 관련
404,다중배송 관련,명절 장바구니 서비스는 명절기간에만 열리나요,다중배송 관련
405,다중배송 관련,명절 선물 한번에 여러 곳으로 보내고 싶어요,다중배송 관련
406,다중배송 관련,똑같은 물건을 여러사람에게 보내려는데 각각 주문해야 되나요,다중배송 관련
407,다중배송 관련,다중배송지,다중배송 관련
408,다중배송 관련,다중 배송지 설정 되나요,다중배송 관련
409,다중배송 관련,다중 배송지 서비스 있나요,다중배송 관련
410,다중배송 관련,다중 배송이 가능한지 확인해주시겠어요,다중배송 관련
411,다중배송 관련,다중 배송 가능 여부와 추가 비용에 대해 알려주세요,다중배송 관련
412,다중배송 관련,같은 상품을 여러 곳으로 배송시키려면 각각 결제해야하나요,다중배송 관련
413,미인도/재배송 관련,미인도 알림톡이 왔는데 어떻게 해야돼요,미인도/재배송 관련
414,미인도/재배송 관련,미인도 알림톡이 왔는데 어떻게 해야 되는지 알려줘,미인도/재배송 관련
415,미인도/재배송 관련,미인도 알림톡이 왔는데 그럼 재배송 신청을 해야된다는 건가요,미인도/재배송 관련
416,미인도/재배송 관련,미인도 알림톡이 도대체 뭐죠,미인도/재배송 관련
417,미인도/재배송 관련,미인도 알림톡이 갑자기 왜 왔죠,미인도/재배송 관련
418,미인도/재배송 관련,미인도 알림톡을 받은 상황에서 재배송을 신청하려면 어떻게 해야 하나요,미인도/재배송 관련
419,미인도/재배송 관련,"미인도 알림톡을 받은 상태인데, 재배송을 받으려면 어떻게 해야 할까요",미인도/재배송 관련
420,미인도/재배송 관련,미인도 알림톡을 받았습니다. 재배송을 받고자 하면 어떻게 해야 할까요,미인도/재배송 관련
421,미인도/재배송 관련,"미인도 알림톡을 받았는데, 재배송을 요청하는 절차를 알 수 있을까요",미인도/재배송 관련
422,미인도/재배송 관련,"미인도 알림톡을 받았는데, 재배송을 신청할 수 있는 방법이 있나요",미인도/재배송 관련
423,미인도/재배송 관련,"미인도 알림톡을 받았는데, 재배송을 받기 위해 어떻게 해야 하죠",미인도/재배송 관련
424,미인도/재배송 관련,"미인도 알림톡을 받았는데, 재배송을 받기 위한 방법이 어떻게 되나요",미인도/재배송 관련
425,미인도/재배송 관련,"미인도 알림톡을 받았는데, 재배송을 받고 싶으면 어떻게 해야 하나요",미인도/재배송 관련
426,미인도/재배송 관련,"미인도 알림톡을 받았는데, 재배송 신청하면 되나요",미인도/재배송 관련
427,미인도/재배송 관련,"미인도 알림톡을 받았는데, 재배송 신청하는 방법이 뭐가 있나요",미인도/재배송 관련
428,미인도/재배송 관련,"미인도 알림톡을 받았는데, 어떻게 해야 하죠?",미인도/재배송 관련
429,미인도/재배송 관련,미인도 알림톡 온 거 확인해주세요,미인도/재배송 관련
430,미인도/재배송 관련,미인도 알림톡 받았는데 재배송 접수 안하면 어떻게 되나요,미인도/재배송 관련
431,미인도/재배송 관련,미인도 알림톡 받았는데 다시 배송 접수할게요,미인도/재배송 관련
432,미인도/재배송 관련,미인도 알림톡 받았는데 다른 주소로 재배송 신청할게요,미인도/재배송 관련
433,미인도/재배송 관련,미인도 알림톡 받았는데 다른 주소 입력하면 재배송가능한가요,미인도/재배송 관련
434,미인도/재배송 관련,미인도 알림톡 받았는데 그냥 취소할게요,미인도/재배송 관련
435,미인도/재배송 관련,미인도 알림톡 받았는데 그냥 냅두면 취소되나요,미인도/재배송 관련
436,미인도/재배송 관련,미인도 알림톡 받았고 새주소로 재배송 신청합니다,미인도/재배송 관련
437,미인도/재배송 관련,미인도 상품 재배송 받을 수 있는지 알려주세요,미인도/재배송 관련
438,미인도/재배송 관련,미인도 상품 다시 배송 받고 싶으면 신규 주소 입력하면 되나요,미인도/재배송 관련
439,미인도/재배송 관련,미인도 상품 다시 배송 받고 싶어요,미인도/재배송 관련
440,미인도/재배송 관련,미인도 된거 주소 변경해서 재배송 접수하겠습니다,미인도/재배송 관련
441,미인도/재배송 관련,미인도 된거 어떻게 해요,미인도/재배송 관련
442,미인도/재배송 관련,미인도 된 상품이 있다는데요 새 주소로 다시 보내주실 수 있나요,미인도/재배송 관련
443,미인도/재배송 관련,미인도 된 상품이 있다고 연락 받았는데 신규 주소로 다시 보내주실래요,미인도/재배송 관련
444,미인도/재배송 관련,미인도 된 상품 재배송 신청하려는데 새주소 어디서 입력하면 되나요,미인도/재배송 관련
445,미인도/재배송 관련,미인도 된 상품 신규 주소 입력할테니 다시 보내주세요,미인도/재배송 관련
446,미인도/재배송 관련,미인도 된 상품 새로운 주소로 재배송 받을게요,미인도/재배송 관련
447,미인도/재배송 관련,미인도 된 상품 새 주소 입력할테니 다시 보내줄 수 있나요,미인도/재배송 관련
448,미인도/재배송 관련,미인도 된 거 주소 변경해서 다시 받고 싶어요,미인도/재배송 관련
449,미인도/재배송 관련,미인도 된 거 주소 변경할테니 다시 보내주세요,미인도/재배송 관련
450,미인도/재배송 관련,미인도 된 거 재배송 접수 어떻게 해요,미인도/재배송 관련
451,미인도/재배송 관련,미인도 된 거 신규 주소로 재배송 가능할까요,미인도/재배송 관련
452,미인도/재배송 관련,미인도 된 거 다시 배송해주세요,미인도/재배송 관련
453,미인도/재배송 관련,미인도 된 거 다시 배송 어떻게 받아요,미인도/재배송 관련
454,미인도/재배송 관련,미인도 된 거 다시 배송 받으려면 어떻게 해야되나요,미인도/재배송 관련
455,미인도/재배송 관련,미인도 되면 어떻게 해야 되나요,미인도/재배송 관련
456,미인도/재배송 관련,미인도 됐다는데 재배송 접수하면 되나요,미인도/재배송 관련
457,미인도/재배송 관련,미인도 됐다는데 어떻게 하면돼요,미인도/재배송 관련
458,미인도/재배송 관련,미인도 됐다는게 무슨 소리인지,미인도/재배송 관련
459,미인도/재배송 관련,마트에서 주문한 상품이 미인도 됐대요,미인도/재배송 관련
460,미인도/재배송 관련,마트에서 온 미인도 알림톡에 대한 정보를 얻고 싶어요,미인도/재배송 관련
461,미인도/재배송 관련,마트 미인도 알림톡 받았어요 재배송 신청 가능한가요,미인도/재배송 관련
462,미인도/재배송 관련,다른 주소로 재배송 신청할게요,미인도/재배송 관련
463,정기배송 관련,정기배송 오는 시간 알려주세요,배송 가능 시간 문의
464,정기배송 관련,정기배송 오는 시간 알 수 있습니까,배송 가능 시간 문의
465,정기배송 관련,정기배송 오는 날짜 알려줘,배송방법(픽업/배송) 변경
466,정기배송 관련,정기배송 어떻게 관리할 수 있어,정기배송 관련
467,정기배송 관련,정기배송 어떻게 관리할 수 있나요,정기배송 관련
468,정기배송 관련,정기배송 신청 잘 됐어,정기배송 관련
469,정기배송 관련,정기배송 신청 잘 됐는지 확인해줘,미인도/재배송 관련
470,정기배송 관련,정기배송 신청 잘 됐는지 확인해주세요,미인도/재배송 관련
471,정기배송 관련,정기배송 되는 매장 알려주세요,정기배송 관련
472,정기배송 관련,정기배송 되는 매장 보여줘,정기배송 관련
473,정기배송 관련,정기 배송 되는 매장 보여줘,정기배송 관련
474,구매확정/배송완료 관련,배송받았는데 배송중,배송 문제 및 오배송 문의
475,구매확정/배송완료 관련,배송받았는데 계속 배송중이에요,배송지연/조회 관련
476,구매확정/배송완료 관련,배송되었어요 배송완료해주세요,구매확정/배송완료 관련
477,구매확정/배송완료 관련,배송 완료처리가 안 된게있어요,미수령/미배송 문의
478,구매확정/배송완료 관련,배송 완료를 표시해주세요,구매확정/배송완료 관련
479,구매확정/배송완료 관련,확정 연장,구매확정/배송완료 관련
480,구매확정/배송완료 관련,상품이 왔는데 수령확인은 어떻게 하나요,미수령/미배송 문의
481,구매확정/배송완료 관련,안내 받은 배송 시간과 다른 시간에 배송하셨어요,배송 가능 시간 문의
482,구매확정/배송완료 관련,아직 배송도 안했는데 무슨 배송완료입니까,미수령/미배송 문의
483,구매확정/배송완료 관련,아직 배송 전인데 배송완료로 나오네요,미수령/미배송 문의
484,구매확정/배송완료 관련,배송방법 변경,배송방법(픽업/배송) 변경
485,주문상품 사이즈 변경,배송받은 상품 사이즈 바꿔주세요,상품 교환/반품 관련
486,주문상품 사이즈 변경,맛변경요청,주문/서비스 취소 요청
487,주문상품 색상 변경,상품 색상 변경이 가능할까요?,주문상품 색상 변경
488,배송방법(픽업/배송) 변경,스마트픽 픽업일 바꾸고 싶습니다,배송방법(픽업/배송) 변경
489,배송방법(픽업/배송) 변경,스마트픽 픽업예정일 변경,배송방법(픽업/배송) 변경
490,배송방법(픽업/배송) 변경,스마트픽 픽업날짜 변경할 수 있나요,배송방법(픽업/배송) 변경
491,배송방법(픽업/배송) 변경,스마트픽 픽업날짜 다음주로 미룰수 있나요,배송방법(픽업/배송) 변경
492,배송방법(픽업/배송) 변경,스마트픽 픽업 예정일을 변경하고 싶어요,배송방법(픽업/배송) 변경
493,배송방법(픽업/배송) 변경,스마트픽 주문한거 날짜 변경가능해,배송방법(픽업/배송) 변경
494,배송방법(픽업/배송) 변경,스마트픽 주문한 상품 픽업날짜 변경 되어요,배송방법(픽업/배송) 변경
495,배송방법(픽업/배송) 변경,스마트픽 주문상품 픽업날짜 변경,배송방법(픽업/배송) 변경
496,배송방법(픽업/배송) 변경,스마트픽 주문 상품 픽업일 변경,배송방법(픽업/배송) 변경
497,배송방법(픽업/배송) 변경,스마트픽 주문 건 날짜 변경해줘,배송방법(픽업/배송) 변경
498,배송방법(픽업/배송) 변경,스마트픽 일정 바꿔주세요,스마트픽 관련 문의 및 픽업 관련
499,배송방법(픽업/배송) 변경,스마트픽 상품 수령일 변경하려구,배송방법(픽업/배송) 변경
500,배송방법(픽업/배송) 변경,스마트픽 상품 수령일 변경 요청합니다,배송방법(픽업/배송) 변경
501,배송방법(픽업/배송) 변경,스마트픽 상품 수령일 바꿔주세요,상품 교환/반품 관련
502,배송방법(픽업/배송) 변경,스마트픽 상품 수령일 바꿀수있지,배송방법(픽업/배송) 변경
503,배송방법(픽업/배송) 변경,스마트픽 방문일자 변경해주세요,배송방법(픽업/배송) 변경
504,배송방법(픽업/배송) 변경,스마트픽 방문일자 변경하고싶습니다,배송방법(픽업/배송) 변경
505,배송방법(픽업/배송) 변경,스마트픽 방문일자 변경 가능할까요,배송방법(픽업/배송) 변경
506,배송방법(픽업/배송) 변경,스마트픽 방문일자 변경 가능한가요,배송방법(픽업/배송) 변경
507,배송방법(픽업/배송) 변경,스마트픽 방문일 며칠만 미뤄주세요,스마트픽 관련 문의 및 픽업 관련
508,배송방법(픽업/배송) 변경,스마트픽 방문시간 변경,배송방법(픽업/배송) 변경
509,배송방법(픽업/배송) 변경,스마트픽 방문날짜 바꿀 수 있을까요,배송방법(픽업/배송) 변경
510,배송방법(픽업/배송) 변경,한타임 앞 배송해 주시면 더 좋습니다,배송 문제 및 오배송 문의
511,배송방법(픽업/배송) 변경,스마트픽 방문날짜 바꾸고 싶습니다,배송방법(픽업/배송) 변경
512,배송방법(픽업/배송) 변경,스마트픽 방문 일정 바꿔주세요,배송방법(픽업/배송) 변경
513,배송방법(픽업/배송) 변경,스마트픽 받았어요,스마트픽 관련 문의 및 픽업 관련
514,배송방법(픽업/배송) 변경,스마트픽 날짜 미뤄주세요,스마트픽 관련 문의 및 픽업 관련
515,배송방법(픽업/배송) 변경,스마트픽 날짜 당길 수 있나요,배송방법(픽업/배송) 변경
516,배송방법(픽업/배송) 변경,스마트픽 교환예정일 변경,스마트픽 관련 문의 및 픽업 관련
517,배송방법(픽업/배송) 변경,주문 상품 배송완료로 확인해주세요,"주문 내역 조회, 구매 이력 확인 등 주문/배송 조회 관련"
518,배송방법(픽업/배송) 변경,수요일로 픽업일자 바꿀 수 있나요,배송방법(픽업/배송) 변경
519,배송방법(픽업/배송) 변경,장보기상품 날짜 변경 좀 해주세요,배송방법(픽업/배송) 변경
520,배송방법(픽업/배송) 변경,장보기 상품 날짜 변경 좀 해주세요,배송방법(픽업/배송) 변경
521,배송방법(픽업/배송) 변경,이미 배송됐는데 배송완료라고 안뜨네요,미수령/미배송 문의
522,배송방법(픽업/배송) 변경,이거 배송 좀 미룰 수 있나요,배송지연/조회 관련
523,배송방법(픽업/배송) 변경,오늘 마지막 시간으로 변경,배송 가능 시간 문의
524,배송방법(픽업/배송) 변경,시간변경하려고했는데 시간변경이 안되네요,주문상품 사이즈 변경
525,배송방법(픽업/배송) 변경,시간변경가능한가요,배송방법(픽업/배송) 변경
526,배송방법(픽업/배송) 변경,시간변경 어떻게 하죠,배송방법(픽업/배송) 변경
527,배송방법(픽업/배송) 변경,시간변경,배송방법(픽업/배송) 변경
528,배송방법(픽업/배송) 변경,시간 변경해주세요,배송방법(픽업/배송) 변경
529,배송방법(픽업/배송) 변경,시간 변경하려고 하는데 시간 변경이 안되네요,주문상품 사이즈 변경
530,배송방법(픽업/배송) 변경,시간 변경하고 싶어요,배송방법(픽업/배송) 변경
531,배송방법(픽업/배송) 변경,시간 변경 안되나요,주문상품 사이즈 변경
532,배송방법(픽업/배송) 변경,설치상품 정보 변경,주문상품 사이즈 변경
533,배송방법(픽업/배송) 변경,설치상품 정보 바꿀래,배송방법(픽업/배송) 변경
534,배송방법(픽업/배송) 변경,배송희망일 바꿀 수 있어,배송방법(픽업/배송) 변경
535,배송방법(픽업/배송) 변경,배송희망일 바꿀 수 있나요,배송방법(픽업/배송) 변경
536,배송방법(픽업/배송) 변경,배송희망일 바꾸고 싶어,배송지 변경 문의
537,배송방법(픽업/배송) 변경,배송희망일 바꾸고 싶습니다,배송지 변경 문의
538,배송방법(픽업/배송) 변경,배송희망날짜 변경하고싶어,배송방법(픽업/배송) 변경
539,배송방법(픽업/배송) 변경,배송시간을 마지막 배송으로 변경 해주세요,배송 가능 시간 문의
540,배송방법(픽업/배송) 변경,배송시간변경,배송방법(픽업/배송) 변경
541,배송방법(픽업/배송) 변경,배송시간 변경이요,배송방법(픽업/배송) 변경
542,배송방법(픽업/배송) 변경,배송날짜는 어디서 바꿀 수 있나요,배송방법(픽업/배송) 변경
543,배송방법(픽업/배송) 변경,배송날짜 변경해줘,배송방법(픽업/배송) 변경
544,배송방법(픽업/배송) 변경,배송날짜 변경해주세요,배송방법(픽업/배송) 변경
545,배송방법(픽업/배송) 변경,배송 픽업 변경,배송방법(픽업/배송) 변경
546,배송방법(픽업/배송) 변경,배송 빠른 시간으로 변경해주세요,배송방법(픽업/배송) 변경
547,배송방법(픽업/배송) 변경,상품 픽업일 변경하고 싶어요,배송방법(픽업/배송) 변경
548,배송방법(픽업/배송) 변경,상품 픽업 날짜변경 가능할까요,배송방법(픽업/배송) 변경
549,배송방법(픽업/배송) 변경,상품 픽업 날짜 변경하고 싶습니다,배송방법(픽업/배송) 변경
550,배송방법(픽업/배송) 변경,당일주문상품 배송일시 변경,배송방법(픽업/배송) 변경
551,배송방법(픽업/배송) 변경,당일주문 상품 배송일시 변경,배송방법(픽업/배송) 변경
552,배송방법(픽업/배송) 변경,상품 픽업 날짜 변경 가능할까요,배송방법(픽업/배송) 변경
553,배송방법(픽업/배송) 변경,상품 수령했어요 픽업일 등록해주세요,다중배송 관련
554,배송방법(픽업/배송) 변경,백화점 픽업 하루만 미룰 수 있나요,배송방법(픽업/배송) 변경
555,배송방법(픽업/배송) 변경,백화점 픽업 날짜 다시 고를게요,배송방법(픽업/배송) 변경
556,배송방법(픽업/배송) 변경,배송중인 스마트픽 수령하였으니 배송완료 처리 해주세요,구매확정/배송완료 관련
557,배송방법(픽업/배송) 변경,매장픽업상품 날짜 미루고싶어서요,배송방법(픽업/배송) 변경
558,배송방법(픽업/배송) 변경,다른날짜에 픽업 가능한가요,배송방법(픽업/배송) 변경
559,배송방법(픽업/배송) 변경,다른날 픽업 할 수 있을까요,배송방법(픽업/배송) 변경
560,배송방법(픽업/배송) 변경,내일 픽업하기로 했는데 모레로 바꿀 수 있을까요,배송방법(픽업/배송) 변경
561,배송방법(픽업/배송) 변경,3일에 픽업하기로 했는데 5일로 바꿔주세요,배송방법(픽업/배송) 변경
562,배송방법(픽업/배송) 변경,배송 정보 수정가능한가요,배송지 변경 문의
563,배송지 변경 문의,택배사에 전화해서 착지변경 한다고 하면 돼,배송지 변경 문의
564,배송지 변경 문의,착지변경하면 시간이 얼마나 걸리나요,배송지연/조회 관련
565,배송지 변경 문의,착지변경은 제가 택배사로 전화해야 하는 거에요,배송지 변경 문의
566,배송지 변경 문의,착지변경은 얼마야,배송지연/조회 관련
567,배송지 변경 문의,착지변경 하는 방법 알려주세요,배송지 변경 문의
568,배송지 변경 문의,착지변경 택배사로 전화해야 하나요,배송지 변경 문의
569,배송지 변경 문의,착지변경 택배비는 얼마인가요,배송지연/조회 관련
570,배송지 변경 문의,착지변경 택배비 얼마야,배송지연/조회 관련
571,배송지 변경 문의,착지변경 택배비 알려주세요,배송지 변경 문의
572,배송지 변경 문의,착지변경 접수하면 금액이 얼마 발생하나요,배송지 변경 문의
573,배송지 변경 문의,착지변경 접수하는 방법,배송지 변경 문의
574,배송지 변경 문의,착지변경 접수하고 싶은데 택배비가 별도 발생하나요,배송지 변경 문의
575,배송지 변경 문의,착지변경 접수 부탁드립니다,배송지 변경 문의
576,배송지 변경 문의,착지변경 접수 방법 알려줘야지,배송지 변경 문의
577,배송지 변경 문의,착지변경 접수 방법 알려줘,배송지 변경 문의
578,배송지 변경 문의,착지변경 접수,배송지 변경 문의
579,배송지 변경 문의,착지변경 신청해주세요,배송지 변경 문의
580,배송지 변경 문의,착지변경 신청은 어디로 해야해요,배송지 변경 문의
581,배송지 변경 문의,착지변경 시간 얼마나 들어,통관비용 문의
582,배송지 변경 문의,착지변경,배송지 변경 문의
583,배송지 변경 문의,도착지 어떻게 바꿔,배송방법(픽업/배송) 변경
584,배송지 변경 문의,도착지 어떻게 바꾸죠,배송방법(픽업/배송) 변경
585,배송지 변경 문의,도착지 변경하는법,배송방법(픽업/배송) 변경
586,배송지 변경 문의,도착지 변경하고 싶습니다,배송지 변경 문의
587,배송지 변경 문의,도착지 변경 접수해주세요,배송 문제 및 오배송 문의
588,배송지 변경 문의,도착지 변경 되나요,배송 문제 및 오배송 문의
589,배송 문제 및 오배송 문의,뭐가 묻었는데요,배송 문제 및 오배송 문의
590,배송 문제 및 오배송 문의,뭐가 묻어서 안 지워져요,배송 문제 및 오배송 문의
591,배송 문제 및 오배송 문의,물품이 빠지고 배송되었어요,배송 문제 및 오배송 문의
592,배송 문제 및 오배송 문의,뚜껑 한 개가 불량이 왔어요,상품 하자 및 품질 불량 문의
593,배송 문제 및 오배송 문의,단추 하나가 없어요,배송 문제 및 오배송 문의
594,배송 문제 및 오배송 문의,깨져옴,상품 하자 및 품질 불량 문의
595,배송 문제 및 오배송 문의,깨져서 배송됐어,배송 문제 및 오배송 문의
596,배송 문제 및 오배송 문의,과일도 상해있고 물러있고 이게 뭡니까,상품 하자 및 품질 불량 문의
597,배송 문제 및 오배송 문의,고장난 게 왔는데,배송 문제 및 오배송 문의
598,배송 문제 및 오배송 문의,계란이 다 깨져 왔어요,배송 문제 및 오배송 문의
599,배송 문제 및 오배송 문의,66사이즈 주문했는데 55사이즈로 배송되었습니다,주문상품 사이즈 변경
600,배송 문제 및 오배송 문의,화면이랑 차이가 너무 심해,상품 하자 및 품질 불량 문의
601,배송 문제 및 오배송 문의,화면이랑 너무 달라,상품 하자 및 품질 불량 문의
602,배송 문제 및 오배송 문의,호박 상태가 모두 무르고 얼어 있어서 교환이나 환불해주세요,배송 문제 및 오배송 문의
603,배송 문제 및 오배송 문의,하자 상품,상품 하자 및 품질 불량 문의
604,배송 문제 및 오배송 문의,하자 문의,상품 하자 및 품질 불량 문의
605,배송 문제 및 오배송 문의,품질불량,상품 하자 및 품질 불량 문의
606,배송 문제 및 오배송 문의,파손된 상품,상품 하자 및 품질 불량 문의
607,배송 문제 및 오배송 문의,파손 상품 교환할건데 교환비 내야되나요,상품 교환/반품 관련
608,배송 문제 및 오배송 문의,티소매부분에 구멍이 나있습니다,상품 하자 및 품질 불량 문의
609,배송 문제 및 오배송 문의,터져서 왔어요,배송 문제 및 오배송 문의
610,배송 문제 및 오배송 문의,카메라 렌즈 속에 이물질이 들어밌어요,상품 하자 및 품질 불량 문의
611,배송 문제 및 오배송 문의,주문하지않은상품,주문 문의
612,배송 문제 및 오배송 문의,주소지가 변경되었는데 예전 배송지로 물건이 배송된 것 같습니다,배송 문제 및 오배송 문의
613,배송 문제 및 오배송 문의,주소지 잘못 입력했는데 지금 집으로 받을 방법 있나요,배송 문제 및 오배송 문의
614,배송 문제 및 오배송 문의,주소지 오류로 다른 데로 갔는데 받을 방법 없나요,배송 문제 및 오배송 문의
615,배송 문제 및 오배송 문의,주소를 잘못 설정해서 다른 곳으로 갔는데 혹시 다시 픽업해서 재배송 가능할까요,배송 문제 및 오배송 문의
616,배송 문제 및 오배송 문의,주소가 예전 주소로 주문을 해서 주문취소 부탁합니다,다중배송 관련
617,배송 문제 및 오배송 문의,주소 바꾸는걸 까먹어서 배송이 잘못 갔어요,배송 문제 및 오배송 문의
618,배송 문제 및 오배송 문의,주문한 상품이 다른 데로 갔어요,배송 문제 및 오배송 문의
619,배송 문제 및 오배송 문의,주문한 상품이 다른 곳으로 배달됐어요,다중배송 관련
620,배송 문제 및 오배송 문의,주문한 물건이 오배송됐는데 어떡하죠,배송 문제 및 오배송 문의
621,배송 문제 및 오배송 문의,주문을 잘못해서 주소지가 아닌데 다시 받아볼 수 있나요,배송 문제 및 오배송 문의
622,배송 문제 및 오배송 문의,주문내역에 주소가 이상한데로 나와요,다중배송 관련
623,배송 문제 및 오배송 문의,제품이 다른 주소지로 배달되었으니 확인해주세요,미수령/미배송 문의
624,배송 문제 및 오배송 문의,제가 주소를 변경햇는데 이전 주소로 배송되었어요 확인 부탁드려요,미인도/재배송 관련
625,배송 문제 및 오배송 문의,제가 주소 변경을 안해서 예전 집주소로 배송된 경우 다시 받을 해결 방안이 있을까요,미인도/재배송 관련
626,배송 문제 및 오배송 문의,전 집주소로 배송이 되었네요,배송 문제 및 오배송 문의
627,배송 문제 및 오배송 문의,전 주소지로 물건이 갔어요,미수령/미배송 문의
628,배송 문제 및 오배송 문의,잘못 보냈는데 제가 다시 받을 수 있을까요,배송 문제 및 오배송 문의
629,배송 문제 및 오배송 문의,이전 주소지로 오배송되었습니다,배송 문제 및 오배송 문의
630,배송 문제 및 오배송 문의,이전 주소지로 배송됐어요,배송 문제 및 오배송 문의
631,배송 문제 및 오배송 문의,이전 주소지로 간 상품 다시 받으려면 어떻게 해야하나요,미인도/재배송 관련
632,배송 문제 및 오배송 문의,이전 주소로 배송되었어요,배송 가능 시간 문의
633,배송 문제 및 오배송 문의,이사오기 전 주소지로 갔어요,배송 문제 및 오배송 문의
634,배송 문제 및 오배송 문의,이미 잘못된 주소로 도착했는데 어떻게 하나요,배송 문제 및 오배송 문의
635,배송 문제 및 오배송 문의,운송장 조회를 했는데 수신 주소가 이상한 곳으로 나와서 확인해주세요,배송 문제 및 오배송 문의
636,배송 문제 및 오배송 문의,옛날 주소 입력해서 거기로 잘못 갔어요,배송 문제 및 오배송 문의
637,배송 문제 및 오배송 문의,예전주소지로 배송완료 문자를 받았어요,배송 문제 및 오배송 문의
638,배송 문제 및 오배송 문의,예전 집주소로 배송이 되었습니다,배송 문제 및 오배송 문의
639,배송 문제 및 오배송 문의,예전 주소지에 남아있는 상품 다시 갖고올 수 있나요,배송 문제 및 오배송 문의
640,배송 문제 및 오배송 문의,예전 주소로 시켜서 잘못 간 상품 받고 싶어요,배송 문제 및 오배송 문의
641,배송 문제 및 오배송 문의,예전 주소로 상품이 갔어요,배송 문제 및 오배송 문의
642,배송 문제 및 오배송 문의,예전 주소로 배송되었어요,배송 문제 및 오배송 문의
643,배송 문제 및 오배송 문의,송장번호가 잘못 출력했는지 다른 곳으로 배송되었네요,배송 문제 및 오배송 문의
644,배송 문제 및 오배송 문의,서울로 이사를 왔는데 주소변경을 안하고 주문을해서 이전 주소로 잘못 배송됐네요 서울 신주소로 받을 수 있는 방법이 있나요,"합배송, 묶음배송, 추가주문 등 동일 주문 내 상품들의 배송 방법 관련"
645,배송 문제 및 오배송 문의,상품이 예전 주소로 배송이 되었습니다,상품 교환/반품 관련
646,배송 문제 및 오배송 문의,상품이 다른 주소로 간것 같아요,배송 문제 및 오배송 문의
647,배송 문제 및 오배송 문의,상품이 다른 곳으로 갔습니다,배송 문제 및 오배송 문의
648,배송 문제 및 오배송 문의,다른 집으로 배송해서 지금 찾을 수도 없는데요,배송 문제 및 오배송 문의
649,배송 문제 및 오배송 문의,다른 집으로 배송이 된 것 같아요,배송 문제 및 오배송 문의
650,배송 문제 및 오배송 문의,다른 집으로 배송이 되어서 못 받았어요,배송 문제 및 오배송 문의
651,배송 문제 및 오배송 문의,다른 집으로 배송돼서 상품을 못 받았어요,배송 문제 및 오배송 문의
652,배송 문제 및 오배송 문의,다른 주소로 오배송하셨어요,배송 문제 및 오배송 문의
653,배송 문제 및 오배송 문의,오배송 확인,배송 문제 및 오배송 문의
654,배송 문제 및 오배송 문의,오배송 된것 같은데,배송비 이중청구 관련
655,배송 문제 및 오배송 문의,배송지를 잘못 입력해서 상품을 못 받았어요. 수거해서 다른 배송지로 다시 받을 수 있을까요,배송 문제 및 오배송 문의
656,배송 문제 및 오배송 문의,배송중인데 택배 받는 주소 다른데로 바꿔도 되나요,미인도/재배송 관련
657,배송 문제 및 오배송 문의,배송중인데 다른데서 받을 수 있게 해주세요,환불/취소 문의
658,배송 문제 및 오배송 문의,배송중인데 다른데서 받고싶어요,배송 문제 및 오배송 문의
659,배송 문제 및 오배송 문의,배송중인거 다른데로 갖다주세요,배송 문제 및 오배송 문의
660,배송 문제 및 오배송 문의,배송이 다른 주소로 잘못 간 거 같은데 어떻게 해야하나요,배송 문제 및 오배송 문의
661,배송 문제 및 오배송 문의,배송이 다른 주소로 잘못 간 거 같은데 어떻게 해야 하나요?,배송 문제 및 오배송 문의
662,배송 문제 및 오배송 문의,배송 시작했는데 다른데서 받을 수 있을까요,배송지연/조회 관련
663,배송 문제 및 오배송 문의,다른주소로 배송되었어요,배송 문제 및 오배송 문의
664,배송 문제 및 오배송 문의,다른데로 상품이 갔어요,배송 문제 및 오배송 문의
665,배송 문제 및 오배송 문의,다른 주소지로배달됐는데 회수하여 받을 수 있나요,배송 문제 및 오배송 문의
666,배송 문제 및 오배송 문의,다른 주소로 상품이 배송되었습니다,상품 교환/반품 관련
667,배송 문제 및 오배송 문의,다른 주소로 배송되었습니다,배송 문제 및 오배송 문의
668,배송 문제 및 오배송 문의,다른 데로 간 상품을 다시 우리집 주소로 받을 수 있어요,배송 문제 및 오배송 문의
669,배송 문제 및 오배송 문의,다른 곳으로 배송되었어요,배송 문제 및 오배송 문의
670,배송 문제 및 오배송 문의,구매한 상품이 다른 주소로 배송된 것 같은데 어떻게 해야 하나요,상품 하자 및 품질 불량 문의
671,배송 문제 및 오배송 문의,교환 완료 됐는데 안와서 보니까 주소가 이전 주소로 보내진 것 같은데요,미인도/재배송 관련
672,배송 문제 및 오배송 문의,제가 주문한게 아니라 다른 사람이 주문한 상품이 왔어요,주문취소 후 재결제 관련
673,배송 문제 및 오배송 문의,제가 주문한건 안오고 다른 사람 거가 왔어요,배송 문제 및 오배송 문의
674,배송 문제 및 오배송 문의,우리 집으로 남의 택배가 도착했는데 확인 가능할까요,배송 문제 및 오배송 문의
675,배송 문제 및 오배송 문의,옆집으로 오배송되었었어요,배송 문제 및 오배송 문의
676,배송 문제 및 오배송 문의,옆집에 잘못 배송됐어요,배송 문제 및 오배송 문의
677,배송 문제 및 오배송 문의,배송착오,배송 문제 및 오배송 문의
678,배송 문제 및 오배송 문의,배송받았는데 주문내역과 다릅니다,"주문 내역 조회, 구매 이력 확인 등 주문/배송 조회 관련"
679,배송 문제 및 오배송 문의,롯데마트에서 배송된 상품이 주문한 것과 다릅니다,"주문 내역 조회, 구매 이력 확인 등 주문/배송 조회 관련"
680,배송 문제 및 오배송 문의,다른상품이 배송됐는데 어떻게 해야되죠?,미인도/재배송 관련
681,배송 문제 및 오배송 문의,다른상품 배송됨,배송 문제 및 오배송 문의
682,배송 문제 및 오배송 문의,다른 상품 배송,배송 문제 및 오배송 문의
683,배송 문제 및 오배송 문의,너무 다른게 왔는데,상품 하자 및 품질 불량 문의
684,배송 문제 및 오배송 문의,구매한 상품 사이즈가 잘못 왔어요,주문상품 사이즈 변경
685,배송 문제 및 오배송 문의,고구마가 안오고 치즈가 왔어요,배송 문제 및 오배송 문의
686,배송 문제 및 오배송 문의,중복 배송됐어요,배송 문제 및 오배송 문의
687,배송 문제 및 오배송 문의,중복 배송됐는데 어떻게 하나요,배송 문제 및 오배송 문의
688,배송 문제 및 오배송 문의,상품이 2번 배송됐는데요,배송비 이중청구 관련
689,배송 문제 및 오배송 문의,주문상품이 아닌데 왔어요,배송비 이중청구 관련
690,배송 문제 및 오배송 문의,주문목록에 없는 상품이 왔습니다,배송 문제 및 오배송 문의
691,배송 문제 및 오배송 문의,주문 안한 상품이 왔는데요,배송 문제 및 오배송 문의
692,배송 문제 및 오배송 문의,주문 모델이 아닌 상품이 왔습니다,배송 문제 및 오배송 문의
693,배송 문제 및 오배송 문의,제품을 받았는데 하나가 불량이예요,배송 문제 및 오배송 문의
694,배송 문제 및 오배송 문의,제품 이상이 있는듯 합니다,다중배송 관련
695,배송 문제 및 오배송 문의,오배송된거 같아요,배송비 이중청구 관련
696,배송 문제 및 오배송 문의,오배송 문의합니다,배송 문제 및 오배송 문의
697,배송 문제 및 오배송 문의,오배송 되었는데 교환 가능 할까요,상품 교환/반품 관련
698,배송 문제 및 오배송 문의,사이즈를 왜 잘못 보내주세요,배송지연/조회 관련
699,배송 문제 및 오배송 문의,사이즈가 너무 다르잖아,주문상품 사이즈 변경
700,배송 문제 및 오배송 문의,사이즈 착오배송,주문상품 사이즈 변경
701,배송 문제 및 오배송 문의,사이즈 잘못배송된거 어떻게 해야하나요?,다중배송 관련
702,배송 문제 및 오배송 문의,사이즈 잘못 왔어요 교환할건데 교환비 필요한가요,상품 교환/반품 관련
703,배송 문제 및 오배송 문의,사이즈 오배송으로 교환이나 환불 해주세요,배송 문제 및 오배송 문의
704,배송 문제 및 오배송 문의,사이즈 오류배송,주문상품 사이즈 변경
705,배송 문제 및 오배송 문의,주문취소했는데 배송 되었네요,주문/반품/교환 취소 철회
706,배송 문제 및 오배송 문의,주문 취소했는데 배송완료로 문자가 왔습니다,주문/서비스 취소 요청
707,배송 문제 및 오배송 문의,주문 취소했는데 배송완료됐다고 문자가 왔어요,배송 문제 및 오배송 문의
708,상품 하자 및 품질 불량 문의,상해 있는 상태입니다,상품 하자 및 품질 불량 문의
709,상품 하자 및 품질 불량 문의,상품하자인지 문의드립니다,다중배송 관련
710,상품 하자 및 품질 불량 문의,상품이 파손 되어 왔어요,상품 하자 및 품질 불량 문의
711,상품 하자 및 품질 불량 문의,상품이 뿌셔졌어,상품 하자 및 품질 불량 문의
712,상품 하자 및 품질 불량 문의,상품이 다르게 배송되었네요,배송 문제 및 오배송 문의
713,상품 하자 및 품질 불량 문의,상품을 받았는데 파손되어 있습니다,상품 하자 및 품질 불량 문의
714,상품 하자 및 품질 불량 문의,상품을 받았는데 상태가 좋지않아요,상품 교환/반품 관련
715,상품 하자 및 품질 불량 문의,상품을 받았는데 불량품이 왔어요,상품 하자 및 품질 불량 문의
716,상품 하자 및 품질 불량 문의,상품에 흠집있어요,"합배송, 묶음배송, 추가주문 등 동일 주문 내 상품들의 배송 방법 관련"
717,상품 하자 및 품질 불량 문의,상품에 이물질,상품 하자 및 품질 불량 문의
718,상품 하자 및 품질 불량 문의,상품에 오염된 부분이 있습니다,"합배송, 묶음배송, 추가주문 등 동일 주문 내 상품들의 배송 방법 관련"
719,상품 하자 및 품질 불량 문의,상품에 문제가 있는데 보내고 다시 받으려면 택배비는 어떻게 되죠,배송 문제 및 오배송 문의
720,상품 하자 및 품질 불량 문의,상품에 기스가 나있네요,주문취소 후 재결제 관련
721,상품 하자 및 품질 불량 문의,상품불만,상품 교환/반품 관련
722,상품 하자 및 품질 불량 문의,상품 하자가 있어서 다시보내주실수 있나요,다중배송 관련
723,상품 하자 및 품질 불량 문의,상품 하자,상품 하자 및 품질 불량 문의
724,상품 하자 및 품질 불량 문의,상품 불량으로 교환하려는데 비용 지불해야 되나요,상품 하자 및 품질 불량 문의
725,상품 하자 및 품질 불량 문의,상품 받았는데 불량이에요,상품 하자 및 품질 불량 문의
726,상품 하자 및 품질 불량 문의,상품 박음질이 뜯어져왔어요,상품 하자 및 품질 불량 문의
727,상품 하자 및 품질 불량 문의,상태가 이게 뭐야,주문/서비스 취소 요청
728,상품 하자 및 품질 불량 문의,사용기한이 지난 상품이 옴,회수/수거 지연 문의
729,상품 하자 및 품질 불량 문의,교환사유에다가 S사이즈로 변경이라고 적어놨는데 M사이즈가 왔어요,주문상품 사이즈 변경
730,상품 하자 및 품질 불량 문의,화면 색상하고 달라도 너무나 다른 옷을 보내놓고 색상 차이가 있을 수 있다고요,상품 하자 및 품질 불량 문의
731,상품 하자 및 품질 불량 문의,지금 구매 확정 하려고 하니 다른 상품이 왔네요,구매확정/배송완료 관련
732,상품 하자 및 품질 불량 문의,주문 상품과 다른 상품 배송되었음,"합배송, 묶음배송, 추가주문 등 동일 주문 내 상품들의 배송 방법 관련"
733,상품 하자 및 품질 불량 문의,제품이 다른것이 온건지 상세컷과 다르게 메탈색이 금장이 아니라 은장이네요,상품 하자 및 품질 불량 문의
734,상품 하자 및 품질 불량 문의,상품이 다른걸로 왔는데 어디다 문의해야하나요,상품 하자 및 품질 불량 문의
735,주문 문의,예약상품 주문,주문 문의
736,주문 문의,예약 상품 주문은 어떻게 하나요,주문 문의
737,주문 문의,구매하고 싶은데 어떻게 하면 되나요,구매확정/배송완료 관련
738,주문 문의,결제방법문의,배송지 변경 문의
739,주문 문의,상품 구매할 수 있게 도와주세요,구매확정/배송완료 관련
740,주문 문의,회원 아니면 주문이 안되나요,주문상품 사이즈 변경
741,주문 문의,비회원은 어떻게 주문하나요,주문 문의
742,주문 문의,비회원으로 구매한상품 조회 어떻게 하나요,"주문 내역 조회, 구매 이력 확인 등 주문/배송 조회 관련"
743,주문 문의,비회원 주문하는 법 알고싶습니다,주문 취소 사유 문의
744,주문 문의,비회원 주문하는 방법 문의드릴 수 있을까요?,"합배송, 묶음배송, 추가주문 등 동일 주문 내 상품들의 배송 방법 관련"
745,주문 문의,비회원 주문하기는 어디서 하나요,다중배송 관련
746,주문 문의,비회원 주문은 어떻게 해,주문 문의
747,주문 문의,비회원 주문은 어떻게 하죠,주문 문의
748,주문 문의,비회원 구매하는법,구매확정/배송완료 관련
749,주문 문의,가입 안하면 상품 못 사요,구매확정/배송완료 관련
750,주문 문의,가입 안하고 주문할 수 있는 방법이 있나요,"합배송, 묶음배송, 추가주문 등 동일 주문 내 상품들의 배송 방법 관련"
751,선물하기/포장 문의,개별 포장 박스와 쇼핑백도 부탁 드립니다.,선물하기/포장 문의
752,선물하기/포장 문의,반품해달라니까 또 결제하래,배송비 이중청구 관련
753,선물하기/포장 문의,혹시 선물상자만 따로 주문가능한가요,선물하기/포장 문의
754,선물하기/포장 문의,해당 제품 쇼핑백 제공 말고도 선물포장이 되는지 궁금합니다,선물하기/포장 문의
755,선물하기/포장 문의,포장으로 받을 수 있나요,선물하기/포장 문의
756,선물하기/포장 문의,포장도되나요,"합배송, 묶음배송, 추가주문 등 동일 주문 내 상품들의 배송 방법 관련"
757,선물하기/포장 문의,최근 주문에 선물포장 해줄래,선물하기/포장 문의
758,선물하기/포장 문의,주문할 때 선물포장 되나요,선물하기/포장 문의
759,선물하기/포장 문의,주문한 닥스모자 포장가능한가요?,주문 문의
760,선물하기/포장 문의,주문제품 선물포장 가능한가요,선물하기/포장 문의
761,선물하기/포장 문의,선물하기면 자동으로 선물포장해주는 건가요,선물하기/포장 문의
762,선물하기/포장 문의,선물포장 추가해줘,선물하기/포장 문의
763,선물하기/포장 문의,선물포장 요청을 못했는데 지금 요청 가능할까요,선물하기/포장 문의
764,선물하기/포장 문의,선물포장 신청했는데 접수됐나요,선물하기/포장 문의
765,선물하기/포장 문의,선물포장 및 더스트백 동봉 부탁드려요,선물하기/포장 문의
766,선물하기/포장 문의,선물포장 가능한지 확인해줘,선물하기/포장 문의
767,선물하기/포장 문의,선물용으로 구입하는 거니까 예쁘게 포장해서 쇼핑백과 함께 보내주세요,선물하기/포장 문의
768,선물하기/포장 문의,선물 포장과 봉투백 동봉 되나요,선물하기/포장 문의
769,선물하기/포장 문의,상품 포장해주세요~ 안되면 상품봉투 부탁드립니다.,회수/수거 지연 문의
770,스마트픽 관련 문의 및 픽업 관련,픽업 가능한 백화점 알려줘,스마트픽 관련 문의 및 픽업 관련
771,스마트픽 관련 문의 및 픽업 관련,픽업 가능한 매장 어디서 보나요,스마트픽 관련 문의 및 픽업 관련
772,스마트픽 관련 문의 및 픽업 관련,픽 메세지는 언제보내주나요,스마트픽 관련 문의 및 픽업 관련
773,스마트픽 관련 문의 및 픽업 관련,편의점에서 찾을 수 있어,배송 가능 시간 문의
774,스마트픽 관련 문의 및 픽업 관련,퇴근할때 픽업가는 서비스,스마트픽 관련 문의 및 픽업 관련
775,스마트픽 관련 문의 및 픽업 관련,직접수령문의,미수령/미배송 문의
776,스마트픽 관련 문의 및 픽업 관련,주문한 픽업 상품 도착했어,배송지연/조회 관련
777,스마트픽 관련 문의 및 픽업 관련,주문한 것 조금 일찍 수령은 안되나요,미수령/미배송 문의
778,스마트픽 관련 문의 및 픽업 관련,언제 픽업 가능 한가요,스마트픽 관련 문의 및 픽업 관련
779,스마트픽 관련 문의 및 픽업 관련,스마트픽은 언제 픽업할 수 있나요,스마트픽 관련 문의 및 픽업 관련
780,스마트픽 관련 문의 및 픽업 관련,스마트픽으로 주문하면 언제까지 가야하나요,스마트픽 관련 문의 및 픽업 관련
781,스마트픽 관련 문의 및 픽업 관련,스마트픽 픽업하는곳이 어딘가요,스마트픽 관련 문의 및 픽업 관련
782,스마트픽 관련 문의 및 픽업 관련,스마트픽 픽업기한,스마트픽 관련 문의 및 픽업 관련
783,스마트픽 관련 문의 및 픽업 관련,스마트픽 쿠폰이 안 와서 상품 픽업을 못 해요,스마트픽 관련 문의 및 픽업 관련
784,스마트픽 관련 문의 및 픽업 관련,스마트픽 조금 일찍 수령은 안될까요,스마트픽 관련 문의 및 픽업 관련
785,스마트픽 관련 문의 및 픽업 관련,스마트픽 수령 언제 가능한가요,스마트픽 관련 문의 및 픽업 관련
786,스마트픽 관련 문의 및 픽업 관련,스마트픽 상품은 언제까지 보관해주나요,스마트픽 관련 문의 및 픽업 관련
787,스마트픽 관련 문의 및 픽업 관련,스마트픽 상품은 그냥 바로찾으면 되나요,스마트픽 관련 문의 및 픽업 관련
788,스마트픽 관련 문의 및 픽업 관련,스마트픽 상품은 그냥 바로 찾으면 되나요,스마트픽 관련 문의 및 픽업 관련
789,스마트픽 관련 문의 및 픽업 관련,스마트픽 배송 완료되서 수령하러 갈 때 뭐 필요한 게 있나요,스마트픽 관련 문의 및 픽업 관련
790,스마트픽 관련 문의 및 픽업 관련,스마트픽 배송 시간,배송방법(픽업/배송) 변경
791,스마트픽 관련 문의 및 픽업 관련,스마트픽 배송 기간,스마트픽 관련 문의 및 픽업 관련
792,스마트픽 관련 문의 및 픽업 관련,스마트픽 가능한 매장은 어디서 확인할 수 있어,스마트픽 관련 문의 및 픽업 관련
793,스마트픽 관련 문의 및 픽업 관련,스마트픽 가능한 매장은 어디서 확인할 수 있나요,스마트픽 관련 문의 및 픽업 관련
794,스마트픽 관련 문의 및 픽업 관련,스마트픽 가능한 매장은 어디서 확인 가능할까요,스마트픽 관련 문의 및 픽업 관련
795,스마트픽 관련 문의 및 픽업 관련,스마트픽 가능한 매장은 어디서 봐,스마트픽 관련 문의 및 픽업 관련
796,스마트픽 관련 문의 및 픽업 관련,슈퍼 스마트픽,스마트픽 관련 문의 및 픽업 관련
797,스마트픽 관련 문의 및 픽업 관련,상품을 매장에서 바로 받을 수 있나요,상품 교환/반품 관련
798,스마트픽 관련 문의 및 픽업 관련,상품은 언제 픽업 가능한가요,스마트픽 관련 문의 및 픽업 관련
799,스마트픽 관련 문의 및 픽업 관련,백화점방문하여 수령 원합니다,배송방법(픽업/배송) 변경
800,스마트픽 관련 문의 및 픽업 관련,백화점 픽업 가능여부 궁금합니다,스마트픽 관련 문의 및 픽업 관련
801,스마트픽 관련 문의 및 픽업 관련,백화점 스마트픽하면 언제 까지 받을 수 있나요,스마트픽 관련 문의 및 픽업 관련
802,스마트픽 관련 문의 및 픽업 관련,백화점 상품 직접 받는 거 가능합니까,상품 교환/반품 관련
803,스마트픽 관련 문의 및 픽업 관련,백화점 상품 스마트픽하면 택배보다 빨리 받나요,스마트픽 관련 문의 및 픽업 관련
804,스마트픽 관련 문의 및 픽업 관련,백화점 방문수령,배송방법(픽업/배송) 변경
805,스마트픽 관련 문의 및 픽업 관련,백화점 방문 수령 원해요,미수령/미배송 문의
806,스마트픽 관련 문의 및 픽업 관련,백화점 매장픽업 도와줘,배송방법(픽업/배송) 변경
807,스마트픽 관련 문의 및 픽업 관련,매장픽업 백화점에서도 되요,배송방법(픽업/배송) 변경
808,스마트픽 관련 문의 및 픽업 관련,매장수령문의,스마트픽 관련 문의 및 픽업 관련
809,스마트픽 관련 문의 및 픽업 관련,매장수령가능,스마트픽 관련 문의 및 픽업 관련
810,스마트픽 관련 문의 및 픽업 관련,매장 픽업,배송방법(픽업/배송) 변경
811,스마트픽 관련 문의 및 픽업 관련,매장 방문인가요 데스크 방문인가요,배송방법(픽업/배송) 변경
812,스마트픽 관련 문의 및 픽업 관련,마트 스마트픽,스마트픽 관련 문의 및 픽업 관련
813,스마트픽 관련 문의 및 픽업 관련,내주변픽업이란,배송방법(픽업/배송) 변경
814,스마트픽 관련 문의 및 픽업 관련,내주변픽업 도착일,배송방법(픽업/배송) 변경
815,스마트픽 관련 문의 및 픽업 관련,내주변픽업,배송방법(픽업/배송) 변경
816,스마트픽 관련 문의 및 픽업 관련,내주변 픽업,배송방법(픽업/배송) 변경
817,스마트픽 관련 문의 및 픽업 관련,내일 12시15분 부터 수령 가능 하다고 되어있는데 조금 일찍 수령은 안되나요,배송 가능 시간 문의
818,스마트픽 관련 문의 및 픽업 관련,픽업 불가,배송방법(픽업/배송) 변경
819,스마트픽 관련 문의 및 픽업 관련,스마트픽 수령완료했으니 상태 변경해주세요,배송방법(픽업/배송) 변경
820,스마트픽 관련 문의 및 픽업 관련,스마트픽 수령완료했어요.,스마트픽 관련 문의 및 픽업 관련
821,스마트픽 관련 문의 및 픽업 관련,스마트픽 수령완료 했어요,스마트픽 관련 문의 및 픽업 관련
822,"주문 내역 조회, 구매 이력 확인 등 주문/배송 조회 관련",pc에서는 주문 배송 내역이 없다고 나옵니다,주문/결제 취소 확인
823,"주문 내역 조회, 구매 이력 확인 등 주문/배송 조회 관련",홍차를 구매했었는데 기록이 안보여요,"주문 내역 조회, 구매 이력 확인 등 주문/배송 조회 관련"
824,"주문 내역 조회, 구매 이력 확인 등 주문/배송 조회 관련",페이스북 계정 주문내역,"주문 내역 조회, 구매 이력 확인 등 주문/배송 조회 관련"
825,"주문 내역 조회, 구매 이력 확인 등 주문/배송 조회 관련",카카오톡 주문내역,"주문 내역 조회, 구매 이력 확인 등 주문/배송 조회 관련"
826,"주문 내역 조회, 구매 이력 확인 등 주문/배송 조회 관련",카카오톡 계정 주문내역,"주문 내역 조회, 구매 이력 확인 등 주문/배송 조회 관련"
827,"주문 내역 조회, 구매 이력 확인 등 주문/배송 조회 관련",카드에는 결제 내역이 찍혀 있는데 주문내역이 조회가 안돼요,주문/결제 취소 확인
828,"주문 내역 조회, 구매 이력 확인 등 주문/배송 조회 관련",최근 구입 내역 조회가 안되네요,"주문 내역 조회, 구매 이력 확인 등 주문/배송 조회 관련"
829,"주문 내역 조회, 구매 이력 확인 등 주문/배송 조회 관련",주문했는데 홈페이지에 주문내역이 없어요,주문/결제 취소 확인
830,"주문 내역 조회, 구매 이력 확인 등 주문/배송 조회 관련",주문했는데 내역이 없다고 나와요,"주문 내역 조회, 구매 이력 확인 등 주문/배송 조회 관련"
831,"주문 내역 조회, 구매 이력 확인 등 주문/배송 조회 관련",주문했는데 내역에는 없다고 뜨네요,주문/결제 취소 확인
832,"주문 내역 조회, 구매 이력 확인 등 주문/배송 조회 관련",주문했고 배송알림카톡문자까지 받았는데 배송조회 클릭하면 주문내역이 없다고 나와요,"주문 내역 조회, 구매 이력 확인 등 주문/배송 조회 관련"
833,"주문 내역 조회, 구매 이력 확인 등 주문/배송 조회 관련",주문해서 상품도 받았는데 주문내역이 뜨질 않아요,"주문 내역 조회, 구매 이력 확인 등 주문/배송 조회 관련"
834,"주문 내역 조회, 구매 이력 확인 등 주문/배송 조회 관련",주문한 상품이 검색 안돼요,배송지연/조회 관련
835,"주문 내역 조회, 구매 이력 확인 등 주문/배송 조회 관련",주문한 상품 이력이 안 뜨나요,배송지연/조회 관련
836,"주문 내역 조회, 구매 이력 확인 등 주문/배송 조회 관련",주문한 내역이 없네요,주문/결제 취소 확인
837,"주문 내역 조회, 구매 이력 확인 등 주문/배송 조회 관련",주문한 내역이 보이지 않아요,"주문 내역 조회, 구매 이력 확인 등 주문/배송 조회 관련"
838,"주문 내역 조회, 구매 이력 확인 등 주문/배송 조회 관련",주문한 기록이 확인되지 않아요,"주문 내역 조회, 구매 이력 확인 등 주문/배송 조회 관련"
839,"주문 내역 조회, 구매 이력 확인 등 주문/배송 조회 관련",주문조회가 안됩니다,배송지연/조회 관련
840,"주문 내역 조회, 구매 이력 확인 등 주문/배송 조회 관련",주문상품이 조회가 안되네요,배송지연/조회 관련
841,"주문 내역 조회, 구매 이력 확인 등 주문/배송 조회 관련",주문상품목록에 해당 상품이 없어요,상품 교환/반품 관련
842,"주문 내역 조회, 구매 이력 확인 등 주문/배송 조회 관련",주문배송내용에 아무것도 안 떠요,미수령/미배송 문의
843,"주문 내역 조회, 구매 이력 확인 등 주문/배송 조회 관련",주문배송내역이 없다고 뜨네요,"주문 내역 조회, 구매 이력 확인 등 주문/배송 조회 관련"
844,"주문 내역 조회, 구매 이력 확인 등 주문/배송 조회 관련",주문내용이 없어졌어요,선물하기/포장 문의
845,"주문 내역 조회, 구매 이력 확인 등 주문/배송 조회 관련",주문내용이 없다고 나와요,주문취소 후 재결제 관련
846,"주문 내역 조회, 구매 이력 확인 등 주문/배송 조회 관련",주문내용이 안보이는데요,"주문 내역 조회, 구매 이력 확인 등 주문/배송 조회 관련"
847,"주문 내역 조회, 구매 이력 확인 등 주문/배송 조회 관련",주문내역이없다고 떠요,"주문 내역 조회, 구매 이력 확인 등 주문/배송 조회 관련"
848,"주문 내역 조회, 구매 이력 확인 등 주문/배송 조회 관련",주문내역이 확인이 안됩니다,"주문 내역 조회, 구매 이력 확인 등 주문/배송 조회 관련"
849,"주문 내역 조회, 구매 이력 확인 등 주문/배송 조회 관련",주문내역이 존재하지 않는다고 하는데요,"주문 내역 조회, 구매 이력 확인 등 주문/배송 조회 관련"
850,"주문 내역 조회, 구매 이력 확인 등 주문/배송 조회 관련",주문내역이 조회되지 않아요,"주문 내역 조회, 구매 이력 확인 등 주문/배송 조회 관련"
851,"주문 내역 조회, 구매 이력 확인 등 주문/배송 조회 관련",주문내역이 없어요,"주문 내역 조회, 구매 이력 확인 등 주문/배송 조회 관련"
852,"주문 내역 조회, 구매 이력 확인 등 주문/배송 조회 관련",주문내역이 없다고 하는데 어떻게 되었나요,"주문 내역 조회, 구매 이력 확인 등 주문/배송 조회 관련"
853,"주문 내역 조회, 구매 이력 확인 등 주문/배송 조회 관련",주문내역이 없다고 뜨는데 조회 부탁드려요,"주문 내역 조회, 구매 이력 확인 등 주문/배송 조회 관련"
854,"주문 내역 조회, 구매 이력 확인 등 주문/배송 조회 관련",주문내역이 없다고 뜨는 건 왜 그런거에요,주문취소 후 재결제 관련
855,"주문 내역 조회, 구매 이력 확인 등 주문/배송 조회 관련",주문내역이 없는데 어떻게하나요?,"주문 내역 조회, 구매 이력 확인 등 주문/배송 조회 관련"
856,"주문 내역 조회, 구매 이력 확인 등 주문/배송 조회 관련",주문내역이 없는데,주문/결제 취소 확인
857,"주문 내역 조회, 구매 이력 확인 등 주문/배송 조회 관련",주문내역이 안 뜨네요,"주문 내역 조회, 구매 이력 확인 등 주문/배송 조회 관련"
858,"주문 내역 조회, 구매 이력 확인 등 주문/배송 조회 관련",주문내역이 안 떠요,"주문 내역 조회, 구매 이력 확인 등 주문/배송 조회 관련"
859,"주문 내역 조회, 구매 이력 확인 등 주문/배송 조회 관련",주문내역이 뜨질 않아요,주문취소 후 재결제 관련
860,"주문 내역 조회, 구매 이력 확인 등 주문/배송 조회 관련",주문내역이 누락,배송 문제 및 오배송 문의
861,"주문 내역 조회, 구매 이력 확인 등 주문/배송 조회 관련",주문내역에 구매한 상품이 안 보입니다,"주문 내역 조회, 구매 이력 확인 등 주문/배송 조회 관련"
862,"주문 내역 조회, 구매 이력 확인 등 주문/배송 조회 관련",주문내역 확인이 안됩니다,"주문 내역 조회, 구매 이력 확인 등 주문/배송 조회 관련"
863,"주문 내역 조회, 구매 이력 확인 등 주문/배송 조회 관련",주문내역 확인이 안 돼요,"주문 내역 조회, 구매 이력 확인 등 주문/배송 조회 관련"
864,"주문 내역 조회, 구매 이력 확인 등 주문/배송 조회 관련",주문내역 확인 오류,"주문 내역 조회, 구매 이력 확인 등 주문/배송 조회 관련"
865,"주문 내역 조회, 구매 이력 확인 등 주문/배송 조회 관련",주문 조회가 안되네요,배송지연/조회 관련
866,"주문 내역 조회, 구매 이력 확인 등 주문/배송 조회 관련",주문 배송내역이 안 나와요,미수령/미배송 문의
867,"주문 내역 조회, 구매 이력 확인 등 주문/배송 조회 관련",주문 배송 내역이 검색이 안되는 것 같습니다,"주문 내역 조회, 구매 이력 확인 등 주문/배송 조회 관련"
868,"주문 내역 조회, 구매 이력 확인 등 주문/배송 조회 관련",주문 내역이 확인되지 않아요,"주문 내역 조회, 구매 이력 확인 등 주문/배송 조회 관련"
869,"주문 내역 조회, 구매 이력 확인 등 주문/배송 조회 관련",주문 내역이 없어졌다니까요,"주문 내역 조회, 구매 이력 확인 등 주문/배송 조회 관련"
870,"주문 내역 조회, 구매 이력 확인 등 주문/배송 조회 관련",주문 내역이 없다고 나오는데 확인해주세요,주문/결제 취소 확인
871,"주문 내역 조회, 구매 이력 확인 등 주문/배송 조회 관련",주문 내역이 없는 것 같아요,"주문 내역 조회, 구매 이력 확인 등 주문/배송 조회 관련"
872,"주문 내역 조회, 구매 이력 확인 등 주문/배송 조회 관련",주문 내역이 안 나와요,미수령/미배송 문의
873,"주문 내역 조회, 구매 이력 확인 등 주문/배송 조회 관련",주문 내역이 사라졌나봐요,"주문 내역 조회, 구매 이력 확인 등 주문/배송 조회 관련"
874,"주문 내역 조회, 구매 이력 확인 등 주문/배송 조회 관련",주문 내역을 찾을 수가 없어요,"주문 내역 조회, 구매 이력 확인 등 주문/배송 조회 관련"
875,"주문 내역 조회, 구매 이력 확인 등 주문/배송 조회 관련",주문 내역보니 안 보이네요,"주문 내역 조회, 구매 이력 확인 등 주문/배송 조회 관련"
876,"주문 내역 조회, 구매 이력 확인 등 주문/배송 조회 관련",주문 내역 조회가 안되는데 어떻게 해야되나요,"주문 내역 조회, 구매 이력 확인 등 주문/배송 조회 관련"
877,"주문 내역 조회, 구매 이력 확인 등 주문/배송 조회 관련",주문 기록이 확인되지 않아요,"주문 내역 조회, 구매 이력 확인 등 주문/배송 조회 관련"
878,"주문 내역 조회, 구매 이력 확인 등 주문/배송 조회 관련",주문 기록이 없어 보이네요,"주문 내역 조회, 구매 이력 확인 등 주문/배송 조회 관련"
879,"주문 내역 조회, 구매 이력 확인 등 주문/배송 조회 관련",주문 기록이 없는 것 같아요,"주문 내역 조회, 구매 이력 확인 등 주문/배송 조회 관련"
880,"주문 내역 조회, 구매 이력 확인 등 주문/배송 조회 관련",주문 기록이 안 보이네요,"주문 내역 조회, 구매 이력 확인 등 주문/배송 조회 관련"
881,"주문 내역 조회, 구매 이력 확인 등 주문/배송 조회 관련",주문 기록을 찾을 수가 없어요,"주문 내역 조회, 구매 이력 확인 등 주문/배송 조회 관련"
882,"주문 내역 조회, 구매 이력 확인 등 주문/배송 조회 관련",제 구입 이력이 안뜨나요,"주문 내역 조회, 구매 이력 확인 등 주문/배송 조회 관련"
883,"주문 내역 조회, 구매 이력 확인 등 주문/배송 조회 관련",이미 주문했는데 기록이 없나요,"주문 내역 조회, 구매 이력 확인 등 주문/배송 조회 관련"
884,"주문 내역 조회, 구매 이력 확인 등 주문/배송 조회 관련",왜 주문 내역 확인이 안되나요,"주문 내역 조회, 구매 이력 확인 등 주문/배송 조회 관련"
885,"주문 내역 조회, 구매 이력 확인 등 주문/배송 조회 관련",왜 구매이력이 존재 하지 않나요?,"주문 내역 조회, 구매 이력 확인 등 주문/배송 조회 관련"
886,"주문 내역 조회, 구매 이력 확인 등 주문/배송 조회 관련",어제 주문한 내역이 없어요,"주문 내역 조회, 구매 이력 확인 등 주문/배송 조회 관련"
887,"주문 내역 조회, 구매 이력 확인 등 주문/배송 조회 관련",어제 주문한 내역이 보이지 않아요,"주문 내역 조회, 구매 이력 확인 등 주문/배송 조회 관련"
888,"주문 내역 조회, 구매 이력 확인 등 주문/배송 조회 관련",어제 주문건 주문내역에 없네요,주문/결제 취소 확인
889,"주문 내역 조회, 구매 이력 확인 등 주문/배송 조회 관련",소셜 계정으로 주문한 내역을 보려고 하는데요,"주문 내역 조회, 구매 이력 확인 등 주문/배송 조회 관련"
890,"주문 내역 조회, 구매 이력 확인 등 주문/배송 조회 관련",소셜 계정으로 주문한 내역은 어디서 볼 수 있나요,"주문 내역 조회, 구매 이력 확인 등 주문/배송 조회 관련"
891,"주문 내역 조회, 구매 이력 확인 등 주문/배송 조회 관련",소셜 간편회원으로 주문한 내역을 보고 싶어요,"주문 내역 조회, 구매 이력 확인 등 주문/배송 조회 관련"
892,"주문 내역 조회, 구매 이력 확인 등 주문/배송 조회 관련",소셜 간편회원으로 주문한 것을 확인하려면 어떻게 해야하나요,주문 문의
893,"주문 내역 조회, 구매 이력 확인 등 주문/배송 조회 관련",소셜 간편 회원으로 주문한 내용을 확인하고 싶어요,"주문 내역 조회, 구매 이력 확인 등 주문/배송 조회 관련"
894,"주문 내역 조회, 구매 이력 확인 등 주문/배송 조회 관련",소셜 간편 회원으로 주문한 내용을 조회하고 싶어요,"주문 내역 조회, 구매 이력 확인 등 주문/배송 조회 관련"
895,"주문 내역 조회, 구매 이력 확인 등 주문/배송 조회 관련",상품이 배송되었다고 하는데 주문내역에는 없네요,"주문 내역 조회, 구매 이력 확인 등 주문/배송 조회 관련"
896,"주문 내역 조회, 구매 이력 확인 등 주문/배송 조회 관련",상품을 주문했는데 주문내역에 없어요,주문/결제 취소 확인
897,"주문 내역 조회, 구매 이력 확인 등 주문/배송 조회 관련",상품 구매했는데 내역이 없다고 나오네요,"주문 내역 조회, 구매 이력 확인 등 주문/배송 조회 관련"
898,"주문 내역 조회, 구매 이력 확인 등 주문/배송 조회 관련",방금 구매한 상품조회가 되질 않아요,"주문 내역 조회, 구매 이력 확인 등 주문/배송 조회 관련"
899,"주문 내역 조회, 구매 이력 확인 등 주문/배송 조회 관련",반품하려고하는데 주문내역이 안떠요,주문/반품/교환 취소 철회
900,"주문 내역 조회, 구매 이력 확인 등 주문/배송 조회 관련",물건을 구매했는데 안 보여요,미수령/미배송 문의
901,"주문 내역 조회, 구매 이력 확인 등 주문/배송 조회 관련",롯데on 상품 구매했는데 주문내역이 안 보여,"주문 내역 조회, 구매 이력 확인 등 주문/배송 조회 관련"
902,"주문 내역 조회, 구매 이력 확인 등 주문/배송 조회 관련",롯데온으로 구매한 이력이 없다는데 확인부탁드려요,"주문 내역 조회, 구매 이력 확인 등 주문/배송 조회 관련"
903,"주문 내역 조회, 구매 이력 확인 등 주문/배송 조회 관련",네이버 주문내역,"주문 내역 조회, 구매 이력 확인 등 주문/배송 조회 관련"
904,"주문 내역 조회, 구매 이력 확인 등 주문/배송 조회 관련",구입한 상품이 내역이 없습니다,"주문 내역 조회, 구매 이력 확인 등 주문/배송 조회 관련"
905,"주문 내역 조회, 구매 이력 확인 등 주문/배송 조회 관련",구매목록에 안 나와요,"주문 내역 조회, 구매 이력 확인 등 주문/배송 조회 관련"
906,"주문 내역 조회, 구매 이력 확인 등 주문/배송 조회 관련",구매내역이 없습니다,"주문 내역 조회, 구매 이력 확인 등 주문/배송 조회 관련"
907,"주문 내역 조회, 구매 이력 확인 등 주문/배송 조회 관련",구매내역이 없네요,"주문 내역 조회, 구매 이력 확인 등 주문/배송 조회 관련"
908,"주문 내역 조회, 구매 이력 확인 등 주문/배송 조회 관련",구매내역에 안 나와요,미수령/미배송 문의
909,"주문 내역 조회, 구매 이력 확인 등 주문/배송 조회 관련",구매내역 확인이 안 돼요,"주문 내역 조회, 구매 이력 확인 등 주문/배송 조회 관련"
910,"주문 내역 조회, 구매 이력 확인 등 주문/배송 조회 관련",구매내역 확인 오류,"주문 내역 조회, 구매 이력 확인 등 주문/배송 조회 관련"
911,"주문 내역 조회, 구매 이력 확인 등 주문/배송 조회 관련",구매내역 검색안됨,"주문 내역 조회, 구매 이력 확인 등 주문/배송 조회 관련"
912,"주문 내역 조회, 구매 이력 확인 등 주문/배송 조회 관련",구매기록이 없어진 것 같은데요,"주문 내역 조회, 구매 이력 확인 등 주문/배송 조회 관련"
913,"주문 내역 조회, 구매 이력 확인 등 주문/배송 조회 관련",결제했는데 주문내역에 없어요,주문/결제 취소 확인
914,"주문 내역 조회, 구매 이력 확인 등 주문/배송 조회 관련",결제했는데 주문내역에 없는데요 어떻게 하죠,주문/결제 취소 확인
915,"주문 내역 조회, 구매 이력 확인 등 주문/배송 조회 관련",결제했는데 조회가 안 되네요,주문/결제 취소 확인
916,"주문 내역 조회, 구매 이력 확인 등 주문/배송 조회 관련",결제했는데 조회가 뜨질 않네요,주문취소 후 재결제 관련
917,"주문 내역 조회, 구매 이력 확인 등 주문/배송 조회 관련",결제했는데 보이지 않아요,주문/결제 취소 확인
918,"주문 내역 조회, 구매 이력 확인 등 주문/배송 조회 관련",결제한 내역이 없어졌다구요,주문/결제 취소 확인
919,"주문 내역 조회, 구매 이력 확인 등 주문/배송 조회 관련",결제를 했는데 주문내역에는 표시가 없네요,주문/결제 취소 확인
920,"주문 내역 조회, 구매 이력 확인 등 주문/배송 조회 관련",결제는 확인이 되는데 구매내역에는 안 나와요,주문/결제 취소 확인
921,"합배송, 묶음배송, 추가주문 등 동일 주문 내 상품들의 배송 방법 관련",여러 상품을 한 번에 받을 수 있는 방법이 있을까요,"합배송, 묶음배송, 추가주문 등 동일 주문 내 상품들의 배송 방법 관련"
922,"합배송, 묶음배송, 추가주문 등 동일 주문 내 상품들의 배송 방법 관련",상품추가 묶음배송 안되나요,"합배송, 묶음배송, 추가주문 등 동일 주문 내 상품들의 배송 방법 관련"
923,"합배송, 묶음배송, 추가주문 등 동일 주문 내 상품들의 배송 방법 관련",상품들을 합포장해서 받을 수 있는지 확인하고 싶어요,"합배송, 묶음배송, 추가주문 등 동일 주문 내 상품들의 배송 방법 관련"
924,"합배송, 묶음배송, 추가주문 등 동일 주문 내 상품들의 배송 방법 관련",상품들을 합포장해서 받을 수 있는지 여쭤봐야 할 것 같아요,"합배송, 묶음배송, 추가주문 등 동일 주문 내 상품들의 배송 방법 관련"
925,"합배송, 묶음배송, 추가주문 등 동일 주문 내 상품들의 배송 방법 관련",상품들을 합포장해서 받을 수 있는 방법이 있을까요,"합배송, 묶음배송, 추가주문 등 동일 주문 내 상품들의 배송 방법 관련"
926,"합배송, 묶음배송, 추가주문 등 동일 주문 내 상품들의 배송 방법 관련",상품들을 합쳐서 배송 가능한지 확인하고 싶어요,배송 가능 시간 문의
927,"합배송, 묶음배송, 추가주문 등 동일 주문 내 상품들의 배송 방법 관련",상품들을 합쳐서 배송 가능한지 알려주세요,배송 가능 시간 문의
928,"합배송, 묶음배송, 추가주문 등 동일 주문 내 상품들의 배송 방법 관련",상품들을 합쳐서 배송 가능한지 물어보려고 합니다,배송지연/조회 관련
929,"합배송, 묶음배송, 추가주문 등 동일 주문 내 상품들의 배송 방법 관련",상품들을 합배송해서 받을 수 있는지 알려주세요,"합배송, 묶음배송, 추가주문 등 동일 주문 내 상품들의 배송 방법 관련"
930,"합배송, 묶음배송, 추가주문 등 동일 주문 내 상품들의 배송 방법 관련",상품들을 묶어서 함께 받을 수 있는지 궁금해요,"합배송, 묶음배송, 추가주문 등 동일 주문 내 상품들의 배송 방법 관련"
931,"합배송, 묶음배송, 추가주문 등 동일 주문 내 상품들의 배송 방법 관련",배송을 한번에 같이 해주실순 없나요,다중배송 관련
932,"합배송, 묶음배송, 추가주문 등 동일 주문 내 상품들의 배송 방법 관련",배송비 없이 묶음배송 하고 싶습니다,"합배송, 묶음배송, 추가주문 등 동일 주문 내 상품들의 배송 방법 관련"
933,"합배송, 묶음배송, 추가주문 등 동일 주문 내 상품들의 배송 방법 관련",물건을 합배송할 수 있는지 문의하려고 합니다,"합배송, 묶음배송, 추가주문 등 동일 주문 내 상품들의 배송 방법 관련"
934,"합배송, 묶음배송, 추가주문 등 동일 주문 내 상품들의 배송 방법 관련",물건을 같이 샀는데 따로 오나요,"주문 내역 조회, 구매 이력 확인 등 주문/배송 조회 관련"
935,"합배송, 묶음배송, 추가주문 등 동일 주문 내 상품들의 배송 방법 관련",묶음으로 상품을 받을 수 있는지 여쭤보려고 해요,"합배송, 묶음배송, 추가주문 등 동일 주문 내 상품들의 배송 방법 관련"
936,"합배송, 묶음배송, 추가주문 등 동일 주문 내 상품들의 배송 방법 관련",묶음으로 상품을 받을 수 있는 방법을 알려주세요,"합배송, 묶음배송, 추가주문 등 동일 주문 내 상품들의 배송 방법 관련"
937,"합배송, 묶음배송, 추가주문 등 동일 주문 내 상품들의 배송 방법 관련",묶음배송 부탁해요,"합배송, 묶음배송, 추가주문 등 동일 주문 내 상품들의 배송 방법 관련"
938,"합배송, 묶음배송, 추가주문 등 동일 주문 내 상품들의 배송 방법 관련",묶음배송 문의드립니다,"합배송, 묶음배송, 추가주문 등 동일 주문 내 상품들의 배송 방법 관련"
939,"합배송, 묶음배송, 추가주문 등 동일 주문 내 상품들의 배송 방법 관련",묶음 배송이나 합배송이 가능한지 문의하려고 합니다,"합배송, 묶음배송, 추가주문 등 동일 주문 내 상품들의 배송 방법 관련"
940,"합배송, 묶음배송, 추가주문 등 동일 주문 내 상품들의 배송 방법 관련",묶음 배송이 지원되는지 확인하려고 합니다,"합배송, 묶음배송, 추가주문 등 동일 주문 내 상품들의 배송 방법 관련"
941,"합배송, 묶음배송, 추가주문 등 동일 주문 내 상품들의 배송 방법 관련",묶음 배송이 가능한지 확인하고 싶은데요,"합배송, 묶음배송, 추가주문 등 동일 주문 내 상품들의 배송 방법 관련"
942,"합배송, 묶음배송, 추가주문 등 동일 주문 내 상품들의 배송 방법 관련",묶음 배송이 가능한지 알고 싶어요,"합배송, 묶음배송, 추가주문 등 동일 주문 내 상품들의 배송 방법 관련"
943,"합배송, 묶음배송, 추가주문 등 동일 주문 내 상품들의 배송 방법 관련",묶음 배송을 요청하려면 어떻게 해야 할까요,"합배송, 묶음배송, 추가주문 등 동일 주문 내 상품들의 배송 방법 관련"
944,"합배송, 묶음배송, 추가주문 등 동일 주문 내 상품들의 배송 방법 관련",묶음 배송을 요청하고 싶어요,"합배송, 묶음배송, 추가주문 등 동일 주문 내 상품들의 배송 방법 관련"
945,"합배송, 묶음배송, 추가주문 등 동일 주문 내 상품들의 배송 방법 관련",묶음 배송을 신청하려면 어떻게 해야 하나요,"합배송, 묶음배송, 추가주문 등 동일 주문 내 상품들의 배송 방법 관련"
946,"합배송, 묶음배송, 추가주문 등 동일 주문 내 상품들의 배송 방법 관련",묶음 배송을 신청하고 싶어서요,"합배송, 묶음배송, 추가주문 등 동일 주문 내 상품들의 배송 방법 관련"
947,"합배송, 묶음배송, 추가주문 등 동일 주문 내 상품들의 배송 방법 관련",묶음 배송은 어떻게 해야하나요,"합배송, 묶음배송, 추가주문 등 동일 주문 내 상품들의 배송 방법 관련"
948,"합배송, 묶음배송, 추가주문 등 동일 주문 내 상품들의 배송 방법 관련",묶음 배송으로 상품들을 받을 수 있는지 확인하려고 합니다,"합배송, 묶음배송, 추가주문 등 동일 주문 내 상품들의 배송 방법 관련"
949,"합배송, 묶음배송, 추가주문 등 동일 주문 내 상품들의 배송 방법 관련",모두 합배송 부탁드립니다,"합배송, 묶음배송, 추가주문 등 동일 주문 내 상품들의 배송 방법 관련"
950,"합배송, 묶음배송, 추가주문 등 동일 주문 내 상품들의 배송 방법 관련",롯데마트 주문했는데 빠뜨린게 있어서 추가로 주문하연 합배송 가능한가요,"합배송, 묶음배송, 추가주문 등 동일 주문 내 상품들의 배송 방법 관련"
951,"합배송, 묶음배송, 추가주문 등 동일 주문 내 상품들의 배송 방법 관련",따로따로 주문했는데 같이 보내주세요,"합배송, 묶음배송, 추가주문 등 동일 주문 내 상품들의 배송 방법 관련"
952,"합배송, 묶음배송, 추가주문 등 동일 주문 내 상품들의 배송 방법 관련",따로 주문했는데 같이 보내주세요,선물하기/포장 문의
953,"합배송, 묶음배송, 추가주문 등 동일 주문 내 상품들의 배송 방법 관련",그냥 합포장 해주세요,"합배송, 묶음배송, 추가주문 등 동일 주문 내 상품들의 배송 방법 관련"
954,"합배송, 묶음배송, 추가주문 등 동일 주문 내 상품들의 배송 방법 관련",반품 합포장,"합배송, 묶음배송, 추가주문 등 동일 주문 내 상품들의 배송 방법 관련"
955,"합배송, 묶음배송, 추가주문 등 동일 주문 내 상품들의 배송 방법 관련",추가주문이 안되네요,"합배송, 묶음배송, 추가주문 등 동일 주문 내 상품들의 배송 방법 관련"
956,"합배송, 묶음배송, 추가주문 등 동일 주문 내 상품들의 배송 방법 관련",추가주문 하려는데 왜 안되나요,주문/반품/교환 취소 철회
957,"합배송, 묶음배송, 추가주문 등 동일 주문 내 상품들의 배송 방법 관련",추가상품이 있는데 함께 배송될까요?,"합배송, 묶음배송, 추가주문 등 동일 주문 내 상품들의 배송 방법 관련"
958,"합배송, 묶음배송, 추가주문 등 동일 주문 내 상품들의 배송 방법 관련",추가로 주문할게 있는데요,"합배송, 묶음배송, 추가주문 등 동일 주문 내 상품들의 배송 방법 관련"
959,"합배송, 묶음배송, 추가주문 등 동일 주문 내 상품들의 배송 방법 관련",추가 합배송 원합니다,"합배송, 묶음배송, 추가주문 등 동일 주문 내 상품들의 배송 방법 관련"
960,"합배송, 묶음배송, 추가주문 등 동일 주문 내 상품들의 배송 방법 관련",추가 주문할 수 있나요,"합배송, 묶음배송, 추가주문 등 동일 주문 내 상품들의 배송 방법 관련"
961,"합배송, 묶음배송, 추가주문 등 동일 주문 내 상품들의 배송 방법 관련",추가 주문은 어떻게 하나요,미수령/미배송 문의
962,"합배송, 묶음배송, 추가주문 등 동일 주문 내 상품들의 배송 방법 관련",추가 주문 하는 방법,"합배송, 묶음배송, 추가주문 등 동일 주문 내 상품들의 배송 방법 관련"
963,"합배송, 묶음배송, 추가주문 등 동일 주문 내 상품들의 배송 방법 관련",지금 상품추가는 안될까요,"합배송, 묶음배송, 추가주문 등 동일 주문 내 상품들의 배송 방법 관련"
964,"합배송, 묶음배송, 추가주문 등 동일 주문 내 상품들의 배송 방법 관련",지금 다른 물건들 추가할 수 있나요,상품 하자 및 품질 불량 문의
965,"합배송, 묶음배송, 추가주문 등 동일 주문 내 상품들의 배송 방법 관련",주문상품 추가 하기 가능한가요,주문 문의
966,"합배송, 묶음배송, 추가주문 등 동일 주문 내 상품들의 배송 방법 관련",주문상품 받기전인데 추가주문이 가능한지요 가능하면 방법을 자세히 알려주시면 감사하겠습니다,"합배송, 묶음배송, 추가주문 등 동일 주문 내 상품들의 배송 방법 관련"
967,"합배송, 묶음배송, 추가주문 등 동일 주문 내 상품들의 배송 방법 관련",주문더하기는 어떻게 합니까,주문/결제 취소 확인
968,"합배송, 묶음배송, 추가주문 등 동일 주문 내 상품들의 배송 방법 관련",주문더하기 마감시간,배송 가능 시간 문의
969,"합배송, 묶음배송, 추가주문 등 동일 주문 내 상품들의 배송 방법 관련",장보기 상품추가,"합배송, 묶음배송, 추가주문 등 동일 주문 내 상품들의 배송 방법 관련"
970,"합배송, 묶음배송, 추가주문 등 동일 주문 내 상품들의 배송 방법 관련",이미 결제했는데 다른 상품을 추가하고 싶어요,"합배송, 묶음배송, 추가주문 등 동일 주문 내 상품들의 배송 방법 관련"
971,"합배송, 묶음배송, 추가주문 등 동일 주문 내 상품들의 배송 방법 관련",아직 배송시간 있는데 추가배송 안되나요,미수령/미배송 문의
972,"합배송, 묶음배송, 추가주문 등 동일 주문 내 상품들의 배송 방법 관련",상품 더담기,배송 문제 및 오배송 문의
973,"합배송, 묶음배송, 추가주문 등 동일 주문 내 상품들의 배송 방법 관련",배송전 추가주문하고싶습니다,"합배송, 묶음배송, 추가주문 등 동일 주문 내 상품들의 배송 방법 관련"
974,"합배송, 묶음배송, 추가주문 등 동일 주문 내 상품들의 배송 방법 관련",배송 더하기 신청,환불/취소 문의
975,"합배송, 묶음배송, 추가주문 등 동일 주문 내 상품들의 배송 방법 관련",배달하는 물품에 추가 할 수 있나요,"합배송, 묶음배송, 추가주문 등 동일 주문 내 상품들의 배송 방법 관련"
976,"합배송, 묶음배송, 추가주문 등 동일 주문 내 상품들의 배송 방법 관련",마트 추가주문,배송 가능 시간 문의
977,"합배송, 묶음배송, 추가주문 등 동일 주문 내 상품들의 배송 방법 관련",롯데마트서 방금 구매했는데 추가로 주문할수 있나요,"주문 내역 조회, 구매 이력 확인 등 주문/배송 조회 관련"
978,"합배송, 묶음배송, 추가주문 등 동일 주문 내 상품들의 배송 방법 관련",롯데마트몰 배송주문했는데 추가로 배송원해요 어떻개 해야할까요,배송 문제 및 오배송 문의
979,"합배송, 묶음배송, 추가주문 등 동일 주문 내 상품들의 배송 방법 관련",롯데마트 추가주문,"주문 내역 조회, 구매 이력 확인 등 주문/배송 조회 관련"
980,"합배송, 묶음배송, 추가주문 등 동일 주문 내 상품들의 배송 방법 관련",다시 주문하지 않고 이미 주문한 것에 상품 더하기는 어떻게 하나요?,주문 문의
981,"합배송, 묶음배송, 추가주문 등 동일 주문 내 상품들의 배송 방법 관련",내일 주문건이 있어서 추가 주문하려고 하는데요,배송지연/조회 관련
982,주문/반품/교환 취소 철회,취소 철회,주문/반품/교환 취소 철회
983,주문/반품/교환 취소 철회,주문취소한거 그냥 받고싶어요,주문/반품/교환 취소 철회
984,주문/반품/교환 취소 철회,주문 취소했는데 취소안하려구요,주문/결제 취소 확인
985,주문/반품/교환 취소 철회,주문 취소 철회,주문/반품/교환 취소 철회
986,주문/반품/교환 취소 철회,주문 취소 신청 철회해주세요,주문/반품/교환 취소 철회
987,주문/반품/교환 취소 철회,주문 취소 신청 철회 부탁해요,주문/반품/교환 취소 철회
988,주문/결제 취소 확인,카드 취소가 아직인데 확인 좀 부탁드립니다,주문/결제 취소 확인
989,주문/결제 취소 확인,카드 취소가 되었는지 확인부탁드립니다,주문/결제 취소 확인
990,주문/결제 취소 확인,카드 취소 확인이 안됩니다,주문/결제 취소 확인
991,주문/결제 취소 확인,카드 취소 확인 좀 해주세요,주문/결제 취소 확인
992,주문/결제 취소 확인,카드 취소 언제 돼,주문/결제 취소 확인
993,주문/결제 취소 확인,카드 취소 되는 데에 얼마나 걸려요,주문/결제 취소 확인
994,주문/결제 취소 확인,카드 정상취소된게 맞나요,주문/결제 취소 확인
995,주문/결제 취소 확인,카드 언제 취소 되는지 알려줘,주문/결제 취소 확인
996,주문/결제 취소 확인,취소완료 된건은 언제 카드 취소 되나요,주문/결제 취소 확인
997,주문/결제 취소 확인,취소 반영이 카드사에 아직 안되었어요,주문/결제 취소 확인
998,주문/결제 취소 확인,체크카드 취소된 거 맞나요,주문/결제 취소 확인
999,주문/결제 취소 확인,제 카드가 취소된 게 맞나요,주문/결제 취소 확인
1000,주문/결제 취소 확인,제 카드 취소 된 건지 확인해주세요,주문/결제 취소 확인
1001,주문/결제 취소 확인,정상적으로 카드 취소된 게 맞나요,주문/결제 취소 확인
1002,주문/결제 취소 확인,언제 취소 되는지 알려줘 신용카드,주문/결제 취소 확인
1003,주문/결제 취소 확인,신용카드니까 취소하면 한도복원 되는 거 맞죠,주문/결제 취소 확인
1004,주문/결제 취소 확인,신용카드는 취소 기한이 어떻게 돼,환불/취소 문의
1005,주문/결제 취소 확인,신용카드 취소 제대로 됐나요,환불/취소 문의
1006,주문/결제 취소 확인,신용카드 취소 잘 됐는지 좀 봐주세요,환불/취소 문의
1007,주문/결제 취소 확인,신용카드 제대로 취소됐는지 좀 봐줘,주문/결제 취소 확인
1008,주문/서비스 취소 요청,주문불가 연락이왔는데 어떻게 하면 되나요,주문/서비스 취소 요청
1009,주문/서비스 취소 요청,오늘 산 거 주문취소 해줘,배송지연/조회 관련
1010,주문/서비스 취소 요청,업체에서 취소해 달라는데 어떻게 해야하나요,주문/결제 취소 확인
1011,주문/서비스 취소 요청,스마트픽 취소 될까요,환불/취소 문의
1012,주문/서비스 취소 요청,상품취소하고싶어요,주문/서비스 취소 요청
1013,주문/서비스 취소 요청,사용 전인데 e쿠폰 취소 가능한가요,주문/서비스 취소 요청
1014,주문/서비스 취소 요청,백화점 방문 안하고 상품 안 받고 싶습니다,환불/취소 문의
1015,주문/서비스 취소 요청,구매 안 할래,구매확정/배송완료 관련
1016,주문/서비스 취소 요청,주문한거 안 살래,주문/결제 취소 확인
1017,주문 취소 사유 문의,취소 누가했나요,주문 취소 사유 문의
1018,주문 취소 사유 문의,주문취소 이유,주문 취소 사유 문의
1019,주문 취소 사유 문의,주문취소 되었습니다 사유여쭙니다,주문 취소 사유 문의
1020,주문 취소 사유 문의,주문 취소가 갑자기 되었어요,주문취소 후 재결제 관련
1021,주문 취소 사유 문의,왜 주문이 취소가 된건가요,주문취소 후 재결제 관련
1022,주문 취소 사유 문의,왜 주문 한게 취소가 된거죠,주문취소 후 재결제 관련
1023,주문 취소 사유 문의,왜 제 주문이 취소가 된거죠,주문취소 후 재결제 관련
1024,주문 취소 사유 문의,왜 자꾸 취소되는거죠,주문취소 후 재결제 관련
1025,주문 취소 사유 문의,왜 맘대로 주문을 취소하나요,주문/결제 취소 확인
1026,주문 취소 사유 문의,왜 마음대로 취소하나요,주문취소 후 재결제 관련
1027,주문 취소 사유 문의,왜 갑자기 취소 된건가요,주문취소 후 재결제 관련
1028,주문 취소 사유 문의,누구맘대로 취소한거야,주문 취소 사유 문의
1029,주문 취소 사유 문의,주문후 자동취소가 됩니다,주문취소 후 재결제 관련
1030,통관비용 문의,통관비 더 내라는데,통관비용 문의
1031,통관비용 문의,통관 시에 거치는 과정이 어떻게 돼요,해외직구/통관 절차 문의
1032,통관비용 문의,통관 비용을 왜 더 내야 하나요,통관비용 문의
1033,통관비용 문의,통관 비용을 더 내야하는 이유가 뭐야,통관비용 문의
1034,통관비용 문의,통관 비용을 더 내야지만 상품을 받을 수 있나요,통관비용 문의
1035,통관비용 문의,통관 비용을 더 내라는데 이게 무슨 말이에요,통관비용 문의
1036,통관비용 문의,통관 비용을 더 내라고 안내가 왔는데 왜 그런거죠,통관비용 문의
1037,통관비용 문의,통관 비용 무조건 내야하나요,통관비용 문의
1038,통관비용 문의,통관 비용 더 내라는게 뭔 소리에요,통관비용 문의
1039,해외직구/통관 절차 문의,통관이 어떻게 되는지 알려주세요,해외직구/통관 절차 문의
1040,해외직구/통관 절차 문의,통관완료가 너무 오래걸려서요,해외직구/통관 절차 문의
1041,해외직구/통관 절차 문의,통관언제돼,해외직구/통관 절차 문의
1042,해외직구/통관 절차 문의,통관 확인,해외직구/통관 절차 문의
1043,해외직구/통관 절차 문의,통관 절차에 대해 안내 좀,해외직구/통관 절차 문의
1044,해외직구/통관 절차 문의,통관 절차를 좀 알려주세요,해외직구/통관 절차 문의
1045,해외직구/통관 절차 문의,통관 절차를 어디에 가면 알 수 있나요,해외직구/통관 절차 문의
1046,해외직구/통관 절차 문의,통관 절차를 알고 싶어,해외직구/통관 절차 문의
1047,해외직구/통관 절차 문의,통관 절차가 어떻게 되는지 궁금해요,해외직구/통관 절차 문의
1048,해외직구/통관 절차 문의,통관 절차가 어떻게 되나요,해외직구/통관 절차 문의
1049,해외직구/통관 절차 문의,통관 절차가 어떻게,해외직구/통관 절차 문의
1050,해외직구/통관 절차 문의,통관 절차가 궁금한데요,해외직구/통관 절차 문의
1051,해외직구/통관 절차 문의,통관 절차 어디서 볼 수 있는거에요,해외직구/통관 절차 문의
1052,해외직구/통관 절차 문의,통관 절차 문의드립니다,해외직구/통관 절차 문의
1053,해외직구/통관 절차 문의,통관 절차 관련해서 물어보고 싶은게 있어요,해외직구/통관 절차 문의
1054,해외직구/통관 절차 문의,통관 언제돼,환불/취소 문의
1055,해외직구/통관 절차 문의,통관 언제 돼,환불/취소 문의
1056,해외직구/통관 절차 문의,통관 너무오래걸려,해외직구/통관 절차 문의
1057,해외직구/통관 절차 문의,통관 너무 오래걸려,해외직구/통관 절차 문의
1058,해외직구/통관 절차 문의,통관 관련해서 문의가 있는데요,해외직구/통관 절차 문의
1059,해외직구/통관 절차 문의,통관 과정을 알고 싶어요,해외직구/통관 절차 문의
1060,해외직구/통관 절차 문의,직구하면 외국에서 물건을 보내주나요,해외직구/통관 절차 문의
1061,해외직구/통관 절차 문의,직구하는데 비용을 더 내래요 이게 맞나요,통관비용 문의
1062,해외직구/통관 절차 문의,직구상품배송이 왜이렇게 오래걸리죠,해외직구/통관 절차 문의
1063,해외직구/통관 절차 문의,직구상품 주문한거,해외직구/통관 절차 문의
1064,해외직구/통관 절차 문의,직구상품 배송이너무 느려요,해외직구/통관 절차 문의
1065,해외직구/통관 절차 문의,직구상품 배송이 왜이렇게 오래걸리죠,해외직구/통관 절차 문의
1066,해외직구/통관 절차 문의,직구상품 배송이 너무 느려요,해외직구/통관 절차 문의
1067,해외직구/통관 절차 문의,직구배송 너무 오래걸리는거 아닌가요,회수/수거 지연 문의
1068,해외직구/통관 절차 문의,직구문의,해외직구/통관 절차 문의
1069,해외직구/통관 절차 문의,직구 절차가 어떻게 되어요,해외직구/통관 절차 문의
1070,해외직구/통관 절차 문의,직구 절차 보고 싶은데 어디서 확인할 수 있나요,"주문 내역 조회, 구매 이력 확인 등 주문/배송 조회 관련"
1071,해외직구/통관 절차 문의,직구 상품은 어떻게 들여오나요,해외직구/통관 절차 문의
1072,해외직구/통관 절차 문의,직구 배송 많이 복잡해,해외직구/통관 절차 문의
1073,해외직구/통관 절차 문의,직구 배송 너무오래걸리는거 아닌가요,회수/수거 지연 문의
1074,해외직구/통관 절차 문의,직구 배송 너무 오래걸리는거 아닌가요,회수/수거 지연 문의
1075,해외직구/통관 절차 문의,일반적인 통관절차를 알고 싶은데요,해외직구/통관 절차 문의
1076,해외직구/통관 절차 문의,월요일에 통관 시작했다고 연락왔는데 절차가 어떻게 되나요,해외직구/통관 절차 문의
1077,해외직구/통관 절차 문의,어디에 통관 절차 과정을 알 수 있게 적어놨나요,해외직구/통관 절차 문의
1078,해외직구/통관 절차 문의,어디서 통관절차 확인 할 수 있어,해외직구/통관 절차 문의
1079,해외직구/통관 절차 문의,세관에 문의하니 통관신고를 업체가 안해서 지연중이라고하는데요,회수/수거 지연 문의
1080,환불/취소 문의,취소 환불 언제 돼요,환불/취소 문의
1081,환불/취소 문의,취소 했는데 입금은 언제되나요,환불/취소 문의
1082,환불/취소 문의,지금 오고있는데 그냥 환불해주세요,배송 문제 및 오배송 문의
1083,환불/취소 문의,지금 오고있는거 환불해주세요,환불/취소 문의
1084,환불/취소 문의,주문취소했는데 결제취소가 아직 나지 않았어요,주문/결제 취소 확인
1085,환불/취소 문의,주문취소입금,주문/결제 취소 확인
1086,환불/취소 문의,주문취소 후 L.point,주문취소 후 재결제 관련
1087,환불/취소 문의,주문취소 엘포인트,환불/취소 문의
1088,환불/취소 문의,주문취소 되면 포인트도 원래대로 돌아와야 되는거잖아요,환불/취소 문의
1089,환불/취소 문의,"주문은 취소됐는데, 비용은 언제 환불되나요",환불/취소 문의
1090,환불/취소 문의,"주문실패 되었다고 메시지 받았는데, 카카오페이 환불은 언제 돼요",주문/서비스 취소 요청
1091,환불/취소 문의,주문 취소하면 롯데포인트 다시 사용할 수 있어,환불/취소 문의
1092,환불/취소 문의,주문 취소된 상품비용은 언제 환불돼요,환불/취소 문의
1093,환불/취소 문의,주문 취소 후 롯데포인트 재사용,환불/취소 문의
1094,환불/취소 문의,정확한 환불날짜 알고싶어요,환불/취소 문의
1095,환불/취소 문의,저의 환불계좌를 알고 싶습니다,환불/취소 문의
1096,환불/취소 문의,입금은 언제되는건지요,환불/취소 문의
1097,환불/취소 문의,엘포인트로 주문한 거 환불,환불/취소 문의
1098,환불/취소 문의,언제 결제취소 될까요,주문/결제 취소 확인
1099,환불/취소 문의,스마트픽한 상품이 있는데 환불하고 싶어요,상품 교환/반품 관련
1100,환불/취소 문의,스마트픽으로 주문한 상품을 환불받고 싶어,상품 교환/반품 관련
1101,환불/취소 문의,스마트픽 상품 환불해주세요,상품 교환/반품 관련
1102,환불/취소 문의,선물한거 환불하고싶어,선물하기/포장 문의
1103,환불/취소 문의,선물한거 환불은 어떻게 하죠,선물하기/포장 문의
1104,환불/취소 문의,선물한거 환불 어떻게 해,환불/취소 문의
1105,환불/취소 문의,선물한 상품 환불 가능할까요,상품 교환/반품 관련
1106,환불/취소 문의,상품 취소했는데 아직 환불이 안되네요,환불/취소 문의
1107,환불/취소 문의,상품 주문취소하는데 입금 언제 받을 수 있나요,주문/결제 취소 확인
1108,환불/취소 문의,사용한 L포인트 다시 적립되나요,환불/취소 문의
1109,환불/취소 문의,보관금 환불 요청드려요,환불/취소 문의
1110,환불/취소 문의,보관금 환불 어케 받아요,환불/취소 문의
1111,환불/취소 문의,보관금 환불 어떻게 해,환불/취소 문의
1112,환불/취소 문의,보관금 통장에 입금되는거야,환불/취소 문의
1113,환불/취소 문의,보관금 처리해주세요,환불/취소 문의
1114,환불/취소 문의,보관금 처리,환불/취소 문의
1115,환불/취소 문의,보관금 등록계좌 입금,환불/취소 문의
1116,환불/취소 문의,보관금 등록 계좌로 입금 해주세요,환불/취소 문의
1117,환불/취소 문의,보관금 내 계좌로 입금해주세요,환불/취소 문의
1118,환불/취소 문의,보관금 계좌환불은 기간이 어느정도 걸리나요,회수/수거 지연 문의
1119,환불/취소 문의,배송받은거 환불해줘,환불/취소 문의
1120,환불/취소 문의,배송받은 상품 환불요청합니다,환불/취소 문의
1121,환불/취소 문의,반품한거 언제 환불해주나요,환불/취소 문의
1122,환불/취소 문의,반품한 거 언제 환불 돼,환불/취소 문의
1123,환불/취소 문의,반품하고 돈은 언제 입금이죠,환불/취소 문의
1124,환불/취소 문의,반품을 시켰는데 환불처리가 늦어서 문의드립니다 환불은 언제쯤 될까요,환불/취소 문의
1125,환불/취소 문의,반품완료된 건 왜 환불안해요,주문/반품/교환 취소 철회
1126,환불/취소 문의,반품 후 엘포인트,환불/취소 문의
1127,환불/취소 문의,반품 환불 아직인가요,상품 교환/반품 관련
1128,환불/취소 문의,반품 취소환불언제되나요,환불/취소 문의
1129,환불/취소 문의,반품 입금은 언제됩니까,환불/취소 문의
1130,환불/취소 문의,반품 언제 환불,환불/취소 문의
1131,환불/취소 문의,무통장환불,환불/취소 문의
1132,환불/취소 문의,매장 픽업 환불,배송방법(픽업/배송) 변경
1133,회수/반품 보류 문의,왜 판매자 회수보류 된거죠,회수/반품 보류 문의
1134,회수/반품 보류 문의,반품이 왜 보류되나요,회수/반품 보류 문의
1135,회수/반품 보류 문의,그래서 보류가 떴는데 어떻게 해야할까요,주문취소 후 재결제 관련
1136,회수/반품 보류 문의,교환/반품 보류인데 어떻게 하나요,회수/반품 보류 문의
1137,회수/반품 보류 문의,교환 보류 되었다는데요,회수/반품 보류 문의
1138,회수/수거 지연 문의,빠른 시일내 회수바랍니다,회수/수거 지연 문의
1139,회수/수거 지연 문의,반품회수를 안해가셔서요,회수/수거 지연 문의
1140,회수/수거 지연 문의,반품회수가 안되고 있어요,회수/수거 지연 문의
1141,회수/수거 지연 문의,반품회수가 아직도 안되고 있는데 무슨 문제가 있나요,회수/수거 지연 문의
1142,회수/수거 지연 문의,반품회수 일정 알려주세요,상품 교환/반품 관련
1143,회수/수거 지연 문의,반품회수 연락없었는데 반품회수완료가 떴습니다,회수/반품 보류 문의
1144,회수/수거 지연 문의,반품회수 언제 되나요,회수/수거 지연 문의
1145,회수/수거 지연 문의,반품회수 언제 가져가요,회수/수거 지연 문의
1146,회수/수거 지연 문의,반품회수 신청 한번 더 부탁드립니다,회수/수거 지연 문의
1147,회수/수거 지연 문의,반품한 상품 언제 수거하나요,회수/수거 지연 문의
1148,회수/수거 지연 문의,반품접수 했는데 아직 회수가 안 되고 있네요,회수/수거 지연 문의
1149,회수/수거 지연 문의,반품접수 신청했는데 상품 회수하러 오지않고 있습니다,상품 교환/반품 관련
1150,회수/수거 지연 문의,반품요청했는데 회수되지 않았습니다,상품 교환/반품 관련
1151,회수/수거 지연 문의,반품요청한지 꽤 됐는데 아직도 회수가 안되고 있어요,회수/수거 지연 문의
1152,회수/수거 지연 문의,반품신청했는데 아직도 상품을 회수 안 했습니다,상품 교환/반품 관련
1153,회수/수거 지연 문의,반품신청한 거 회수 언제해요,회수/반품 보류 문의
1154,회수/수거 지연 문의,반품신청을 했는데 수거가 안되고 있어요,회수/수거 지연 문의
1155,회수/수거 지연 문의,반품수거도 안하고 아무 연락도 없어요,배송 문제 및 오배송 문의
1156,회수/수거 지연 문의,반품 회수를 왜 안오시는지요,주문/반품/교환 취소 철회
1157,회수/수거 지연 문의,반품 접수한지가 한참인데 왜 아직 회수를 안 해가시나요,상품 교환/반품 관련
1158,회수/수거 지연 문의,반품 신청했는데 수거 왜 안하죠,주문/반품/교환 취소 철회
1159,회수/수거 지연 문의,반품 신청하고 택배 접수 제가 하나요,상품 교환/반품 관련
1160,회수/수거 지연 문의,반품 수거 언제돼요,회수/수거 지연 문의
1161,회수/수거 지연 문의,반품 물건 언제 픽업오시나요,상품 교환/반품 관련
1162,회수/수거 지연 문의,밖에 뒀는데 안가져가네요,회수/수거 지연 문의
1163,회수/수거 지연 문의,물품 반품 접수를 했는데 택배기사가 회수를 안해갑니다.,회수/수거 지연 문의
1164,회수/수거 지연 문의,물건 회수 해갔는데 상품 언제 받을 수 있는지 알려주세요,회수/수거 지연 문의
1165,회수/수거 지연 문의,물건 회수 해갔고 일정 알려주세요,배송 가능 시간 문의
1166,회수/수거 지연 문의,롯데마트 반품건 있는데 아직 회수전입니다 빠른 회수바랍니다,회수/수거 지연 문의
1167,회수/수거 지연 문의,도대체 언제 수거합니까,회수/수거 지연 문의
1168,회수/수거 지연 문의,도대체 언제 반품회수 해가나요,회수/수거 지연 문의
1169,회수/수거 지연 문의,다시 회수접수 요청합니다,회수/수거 지연 문의
1170,회수/수거 지연 문의,꼭 좀 회수 부탁드립니다,회수/수거 지연 문의
1171,회수/수거 지연 문의,기다리는데 아직 수거안했어요,회수/수거 지연 문의
1172,회수/수거 지연 문의,교환회수 신청 한번 더 부탁드립니다,미수령/미배송 문의
1173,회수/수거 지연 문의,교환할 상품의 회수를 안하고 있어요,회수/수거 지연 문의
1174,회수/수거 지연 문의,교환신청한 거 수거 일정 좀 알려주세요,회수/수거 문의
1175,회수/수거 지연 문의,교환 상품 수거 언제 해요,회수/수거 지연 문의
1176,회수/수거 지연 문의,교환 반품 상품 직접 택배 접수 해야되나요,상품 교환/반품 관련
1177,회수/수거 지연 문의,계속 회수가 안되고 있어 연락드립니다,회수/수거 지연 문의
1178,회수/수거 지연 문의,2~3일이 지났는데도 수거하러 오겠다는 연락이 없어요,회수/수거 지연 문의
1179,회수/수거 지연 문의,회수진행으로만 뜨고 회수가 진행이 안되어서 문의합니다,회수/수거 지연 문의
1180,회수/수거 문의,회수해주세요,회수/반품 보류 문의
1181,회수/수거 문의,회수하는데 얼마나 걸릴까요,회수/수거 지연 문의
1182,회수/수거 문의,회수 신속하게 진행해주십시오,회수/수거 문의
1183,회수/수거 문의,제가 택배 접수 해야되나요,배송지 변경 문의
1184,회수/수거 문의,재회수 요청합니다,미인도/재배송 관련
1185,회수/수거 문의,재수거 접수하고 싶어요,미인도/재배송 관련
1186,회수/수거 문의,재수거 요청드립니다,회수/수거 지연 문의
